period,nominal_index
2006-01-02,100.9386
2006-01-03,100.8318
2006-01-04,100.4582
2006-01-05,100.3368
2006-01-06,100.1888
2006-01-09,99.9677
2006-01-10,100.0931
2006-01-11,100.0905
2006-01-12,99.8573
2006-01-13,100.0169
2006-01-16,100.0261
2006-01-17,100.093
2006-01-18,100.2684
2006-01-19,100.1294
2006-01-20,99.9051
2006-01-23,99.7974
2006-01-24,99.6786
2006-01-25,99.58
2006-01-26,99.5745
2006-01-27,99.4336
2006-01-30,99.4179
2006-01-31,99.3163
2006-02-01,99.3884
2006-02-02,99.653
2006-02-03,99.6522
2006-02-06,99.3857
2006-02-07,99.517
2006-02-08,99.7386
2006-02-09,99.5299
2006-02-10,99.4846
2006-02-13,99.5516
2006-02-14,99.4829
2006-02-15,99.5362
2006-02-16,99.4909
2006-02-17,99.3351
2006-02-20,99.3451
2006-02-21,99.3046
2006-02-22,99.5821
2006-02-23,99.4597
2006-02-24,99.3628
2006-02-27,99.3357
2006-02-28,99.2097
2006-03-01,99.1791
2006-03-02,99.2731
2006-03-03,99.4597
2006-03-06,99.6004
2006-03-07,100.0204
2006-03-08,100.3699
2006-03-09,100.1352
2006-03-10,100.0695
2006-03-13,100.0895
2006-03-14,99.892
2006-03-15,99.7253
2006-03-16,99.5801
2006-03-17,99.7016
2006-03-20,99.7758
2006-03-21,100.0085
2006-03-22,100.2427
2006-03-23,100.2447
2006-03-24,100.3237
2006-03-27,100.522
2006-03-28,100.5828
2006-03-29,100.6095
2006-03-30,100.4592
2006-03-31,100.2465
2006-04-03,100.0934
2006-04-04,99.9411
2006-04-05,99.9956
2006-04-06,100.2834
2006-04-07,100.5029
2006-04-10,100.3339
2006-04-11,100.3236
2006-04-12,100.3808
2006-04-13,100.5398
2006-04-14,100.4692
2006-04-17,100.3593
2006-04-18,100.0775
2006-04-19,99.9691
2006-04-20,100.0615
2006-04-21,100.1627
2006-04-24,99.9308
2006-04-25,99.9974
2006-04-26,100.2516
2006-04-27,99.9848
2006-04-28,99.8708
2006-05-01,99.7445
2006-05-02,99.5777
2006-05-03,99.3563
2006-05-04,99.4231
2006-05-05,99.306
2006-05-08,99.0923
2006-05-09,99.101
2006-05-10,98.7758
2006-05-11,99.0151
2006-05-12,99.5796
2006-05-15,100.2076
2006-05-16,99.919
2006-05-17,100.0802
2006-05-18,100.5597
2006-05-19,100.5503
2006-05-22,101.1884
2006-05-23,100.7116
2006-05-24,101.3769
2006-05-25,101.0048
2006-05-26,100.74
2006-05-29,100.726
2006-05-30,101.1031
2006-05-31,101.1469
2006-06-01,101.1206
2006-06-02,101.2204
2006-06-05,100.8855
2006-06-06,101.2285
2006-06-07,101.2495
2006-06-08,101.7426
2006-06-09,101.5206
2006-06-12,101.5988
2006-06-13,101.858
2006-06-14,101.8213
2006-06-15,101.6127
2006-06-16,101.5043
2006-06-19,101.7215
2006-06-20,101.7019
2006-06-21,101.5689
2006-06-22,101.6227
2006-06-23,101.7721
2006-06-26,101.7215
2006-06-27,101.7062
2006-06-28,101.6616
2006-06-29,101.5947
2006-06-30,100.9491
2006-07-03,100.5186
2006-07-04,100.4834
2006-07-05,100.6877
2006-07-06,100.5411
2006-07-07,100.171
2006-07-10,99.9202
2006-07-11,100.1185
2006-07-12,100.3028
2006-07-13,100.4434
2006-07-14,100.5886
2006-07-17,100.6019
2006-07-18,100.5329
2006-07-19,100.3661
2006-07-20,100.0948
2006-07-21,100.1385
2006-07-24,100.2351
2006-07-25,100.2067
2006-07-26,100.2549
2006-07-27,99.9503
2006-07-28,99.9577
2006-07-31,99.939
2006-08-01,100.2889
2006-08-02,100.1724
2006-08-03,100.2694
2006-08-04,99.9851
2006-08-07,99.8841
2006-08-08,99.9729
2006-08-09,99.6894
2006-08-10,99.786
2006-08-11,99.6657
2006-08-14,99.7472
2006-08-15,99.7737
2006-08-16,99.4556
2006-08-17,99.3616
2006-08-18,99.6214
2006-08-21,99.474
2006-08-22,99.4858
2006-08-23,99.6355
2006-08-24,99.9651
2006-08-25,100.1198
2006-08-28,100.035
2006-08-29,99.8641
2006-08-30,99.7472
2006-08-31,99.8264
2006-09-01,99.7405
2006-09-04,99.7164
2006-09-05,99.4136
2006-09-06,99.7172
2006-09-07,99.9099
2006-09-08,99.9731
2006-09-11,100.239
2006-09-12,100.1271
2006-09-13,100.0043
2006-09-14,99.9281
2006-09-15,99.8021
2006-09-18,99.7558
2006-09-19,99.7803
2006-09-20,99.7501
2006-09-21,99.7766
2006-09-22,100.0568
2006-09-25,100.183
2006-09-26,99.9565
2006-09-27,99.7919
2006-09-28,99.8599
2006-09-29,99.7441
2006-10-02,99.6996
2006-10-03,99.851
2006-10-04,99.9047
2006-10-05,99.779
2006-10-06,99.8769
2006-10-09,99.8962
2006-10-10,99.9802
2006-10-11,99.9088
2006-10-12,99.6894
2006-10-13,99.3822
2006-10-16,99.3331
2006-10-17,99.338
2006-10-18,99.22
2006-10-19,99.1728
2006-10-20,99.2257
2006-10-23,99.3079
2006-10-24,99.2394
2006-10-25,99.1293
2006-10-26,98.8521
2006-10-27,98.6728
2006-10-30,98.721
2006-10-31,98.7145
2006-11-01,98.6035
2006-11-02,98.8016
2006-11-03,98.6935
2006-11-06,98.8346
2006-11-07,98.6837
2006-11-08,98.7823
2006-11-09,98.756
2006-11-10,98.8169
2006-11-13,98.9148
2006-11-14,98.7936
2006-11-15,98.8785
2006-11-16,98.7984
2006-11-17,99.1447
2006-11-20,99.0839
2006-11-21,99.1641
2006-11-22,99.0449
2006-11-23,99.0446
2006-11-24,99.0448
2006-11-27,99.0955
2006-11-28,99.0368
2006-11-29,98.8181
2006-11-30,98.6817
2006-12-01,98.5994
2006-12-04,98.5191
2006-12-05,98.1753
2006-12-06,98.0325
2006-12-07,97.9886
2006-12-08,98.0478
2006-12-11,98.1308
2006-12-12,98.0752
2006-12-13,98.0114
2006-12-14,97.8747
2006-12-15,97.8765
2006-12-18,98.0756
2006-12-19,98.2508
2006-12-20,98.0285
2006-12-21,98.135
2006-12-22,98.1375
2006-12-25,98.1626
2006-12-26,98.208
2006-12-27,98.212
2006-12-28,98.068
2006-12-29,97.9028
2007-01-01,97.9053
2007-01-02,#N/A
2007-01-03,97.7035
2007-01-04,98.083
2007-01-05,98.3432
2007-01-08,98.4444
2007-01-09,98.5622
2007-01-10,98.6234
2007-01-11,98.4398
2007-01-12,98.461
2007-01-15,98.459
2007-01-16,98.4107
2007-01-17,98.1395
2007-01-18,98.1092
2007-01-19,98.0354
2007-01-22,98.1471
2007-01-23,98.2637
2007-01-24,98.1675
2007-01-25,98.1975
2007-01-26,98.3819
2007-01-29,98.5558
2007-01-30,98.4919
2007-01-31,98.4165
2007-02-01,98.1654
2007-02-02,98.1837
2007-02-05,97.9806
2007-02-06,97.8759
2007-02-07,97.8915
2007-02-08,97.9789
2007-02-09,97.8853
2007-02-12,98.1418
2007-02-13,98.1168
2007-02-14,97.836
2007-02-15,97.8072
2007-02-16,97.8542
2007-02-19,97.8324
2007-02-20,97.8798
2007-02-21,97.889
2007-02-22,97.8697
2007-02-23,97.9786
2007-02-26,98.0857
2007-02-27,98.3303
2007-02-28,98.4152
2007-03-01,98.4774
2007-03-02,98.4797
2007-03-05,98.5792
2007-03-06,98.3878
2007-03-07,98.3761
2007-03-08,98.3235
2007-03-09,98.2124
2007-03-12,98.2988
2007-03-13,98.2998
2007-03-14,98.4219
2007-03-15,98.3119
2007-03-16,98.2637
2007-03-19,98.2414
2007-03-20,98.0214
2007-03-21,97.7879
2007-03-22,97.5501
2007-03-23,97.6137
2007-03-26,97.6589
2007-03-27,97.6484
2007-03-28,97.7518
2007-03-29,97.684
2007-03-30,97.6325
2007-04-02,97.6025
2007-04-03,97.4321
2007-04-04,97.3994
2007-04-05,97.3022
2007-04-06,97.2764
2007-04-09,97.2456
2007-04-10,97.3963
2007-04-11,97.2911
2007-04-12,97.2938
2007-04-13,97.154
2007-04-16,97.1324
2007-04-17,97.1268
2007-04-18,97.0946
2007-04-19,97.0962
2007-04-20,96.9896
2007-04-23,96.9816
2007-04-24,97.0567
2007-04-25,96.7263
2007-04-26,96.7928
2007-04-27,96.7951
2007-04-30,96.8521
2007-05-01,96.8746
2007-05-02,96.8362
2007-05-03,96.6786
2007-05-04,96.5595
2007-05-07,96.3698
2007-05-08,96.365
2007-05-09,96.2607
2007-05-10,96.2937
2007-05-11,96.2348
2007-05-14,96.1162
2007-05-15,96.1098
2007-05-16,96.0423
2007-05-17,96.0494
2007-05-18,96.0851
2007-05-21,95.9707
2007-05-22,95.778
2007-05-23,95.7879
2007-05-24,96.0615
2007-05-25,95.7993
2007-05-28,95.7847
2007-05-29,95.8093
2007-05-30,95.9151
2007-05-31,95.706
2007-06-01,95.5426
2007-06-04,95.6402
2007-06-05,95.748
2007-06-06,96.0501
2007-06-07,96.2528
2007-06-08,96.6467
2007-06-11,96.4206
2007-06-12,96.3465
2007-06-13,96.4696
2007-06-14,96.3312
2007-06-15,95.8755
2007-06-18,95.6967
2007-06-19,95.6338
2007-06-20,95.7688
2007-06-21,95.9219
2007-06-22,95.8564
2007-06-25,95.9632
2007-06-26,96.0741
2007-06-27,96.1787
2007-06-28,95.8729
2007-06-29,95.7818
2007-07-02,95.5634
2007-07-03,95.4902
2007-07-04,95.4891
2007-07-05,95.5804
2007-07-06,95.5201
2007-07-09,95.4844
2007-07-10,95.3838
2007-07-11,95.3922
2007-07-12,95.2881
2007-07-13,95.1792
2007-07-16,95.1439
2007-07-17,95.0961
2007-07-18,95.0692
2007-07-19,94.9051
2007-07-20,95.0717
2007-07-23,94.8274
2007-07-24,94.9226
2007-07-25,95.2599
2007-07-26,95.6534
2007-07-27,95.9576
2007-07-30,95.7922
2007-07-31,95.6247
2007-08-01,95.8131
2007-08-02,95.6953
2007-08-03,95.7606
2007-08-06,95.833
2007-08-07,95.8601
2007-08-08,95.6992
2007-08-09,95.9597
2007-08-10,96.2427
2007-08-13,96.1587
2007-08-14,96.494
2007-08-15,96.8351
2007-08-16,97.7924
2007-08-17,97.2658
2007-08-20,97.069
2007-08-21,97.1686
2007-08-22,96.8693
2007-08-23,96.8585
2007-08-24,96.6483
2007-08-27,96.554
2007-08-28,96.7931
2007-08-29,96.7078
2007-08-30,96.6687
2007-08-31,96.4944
2007-09-03,96.4984
2007-09-04,96.4986
2007-09-05,96.6908
2007-09-06,96.4624
2007-09-07,96.649
2007-09-10,96.6601
2007-09-11,96.4144
2007-09-12,96.1787
2007-09-13,96.0386
2007-09-14,96.1148
2007-09-17,96.311
2007-09-18,96.1447
2007-09-19,95.5669
2007-09-20,95.3221
2007-09-21,95.2555
2007-09-24,95.2001
2007-09-25,95.264
2007-09-26,95.1369
2007-09-27,95.0672
2007-09-28,94.9144
2007-10-01,94.821
2007-10-02,94.8413
2007-10-03,94.7058
2007-10-04,94.8
2007-10-05,94.5594
2007-10-08,94.5801
2007-10-09,94.4064
2007-10-10,94.4508
2007-10-11,94.292
2007-10-12,94.3971
2007-10-15,94.4146
2007-10-16,94.5707
2007-10-17,94.4707
2007-10-18,94.4854
2007-10-19,94.3729
2007-10-22,94.6208
2007-10-23,94.4732
2007-10-24,94.4985
2007-10-25,94.2955
2007-10-26,94.0566
2007-10-29,93.7789
2007-10-30,93.7246
2007-10-31,93.5798
2007-11-01,93.5842
2007-11-02,93.6693
2007-11-05,93.7362
2007-11-06,93.5368
2007-11-07,93.5305
2007-11-08,93.6485
2007-11-09,93.8413
2007-11-12,93.8499
2007-11-13,94.0441
2007-11-14,93.8527
2007-11-15,94.1165
2007-11-16,94.1308
2007-11-19,94.3418
2007-11-20,94.2004
2007-11-21,94.4813
2007-11-22,94.4612
2007-11-23,94.3372
2007-11-26,94.3601
2007-11-27,94.3689
2007-11-28,94.1451
2007-11-29,94.0301
2007-11-30,93.8414
2007-12-03,93.9638
2007-12-04,94.0017
2007-12-05,93.7313
2007-12-06,93.7446
2007-12-07,93.5736
2007-12-10,93.5209
2007-12-11,93.4765
2007-12-12,93.4783
2007-12-13,93.5741
2007-12-14,93.74
2007-12-17,94.0128
2007-12-18,93.9898
2007-12-19,93.9677
2007-12-20,93.9438
2007-12-21,93.7581
2007-12-24,93.6337
2007-12-25,93.6331
2007-12-26,93.5792
2007-12-27,93.5213
2007-12-28,93.5288
2007-12-31,93.4692
2008-01-01,93.4677
2008-01-02,93.43
2008-01-03,93.1922
2008-01-04,93.2788
2008-01-07,93.3055
2008-01-08,93.1333
2008-01-09,93.2774
2008-01-10,93.2449
2008-01-11,93.0197
2008-01-14,92.8573
2008-01-15,92.8211
2008-01-16,93.0587
2008-01-17,93.0946
2008-01-18,93.3082
2008-01-21,93.3719
2008-01-22,93.3232
2008-01-23,93.4641
2008-01-24,93.0505
2008-01-25,92.9002
2008-01-28,92.8216
2008-01-29,92.6359
2008-01-30,92.6189
2008-01-31,92.4228
2008-02-01,92.3079
2008-02-04,92.2761
2008-02-05,92.4722
2008-02-06,92.4162
2008-02-07,92.4445
2008-02-08,92.4091
2008-02-11,92.4551
2008-02-12,92.2912
2008-02-13,92.3723
2008-02-14,92.2713
2008-02-15,92.2391
2008-02-18,92.2386
2008-02-19,92.0591
2008-02-20,92.221
2008-02-21,92.0169
2008-02-22,91.9272
2008-02-25,92.0107
2008-02-26,91.7161
2008-02-27,91.3629
2008-02-28,91.1245
2008-02-29,91.4093
2008-03-03,91.451
2008-03-04,91.4498
2008-03-05,91.33
2008-03-06,91.4397
2008-03-07,91.7364
2008-03-10,91.8264
2008-03-11,91.6002
2008-03-12,91.4433
2008-03-13,91.4984
2008-03-14,91.6134
2008-03-17,91.8496
2008-03-18,91.4239
2008-03-19,91.3437
2008-03-20,91.6021
2008-03-21,91.4291
2008-03-24,91.3834
2008-03-25,91.205
2008-03-26,91.2178
2008-03-27,91.1554
2008-03-28,91.2291
2008-03-31,91.1059
2008-04-01,90.9518
2008-04-02,90.8465
2008-04-03,90.9393
2008-04-04,90.8737
2008-04-07,90.747
2008-04-08,90.8015
2008-04-09,90.7345
2008-04-10,90.499
2008-04-11,90.5596
2008-04-14,90.4138
2008-04-15,90.5153
2008-04-16,90.3461
2008-04-17,90.3152
2008-04-18,90.4479
2008-04-21,90.5342
2008-04-22,90.4013
2008-04-23,90.3071
2008-04-24,90.4364
2008-04-25,90.5655
2008-04-28,90.4997
2008-04-29,90.7714
2008-04-30,90.7168
2008-05-01,90.6166
2008-05-02,90.5623
2008-05-05,90.5577
2008-05-06,90.6859
2008-05-07,91.1074
2008-05-08,91.2989
2008-05-09,91.3617
2008-05-12,91.1567
2008-05-13,91.2282
2008-05-14,91.3938
2008-05-15,91.2504
2008-05-16,90.9483
2008-05-19,90.8016
2008-05-20,90.927
2008-05-21,90.6417
2008-05-22,90.6909
2008-05-23,90.7269
2008-05-26,90.7217
2008-05-27,90.8223
2008-05-28,90.6105
2008-05-29,90.4276
2008-05-30,90.3024
2008-06-02,90.3029
2008-06-03,90.2137
2008-06-04,90.513
2008-06-05,90.4731
2008-06-06,90.539
2008-06-09,90.5268
2008-06-10,90.71
2008-06-11,90.7536
2008-06-12,90.7272
2008-06-13,90.7651
2008-06-16,90.5123
2008-06-17,90.2231
2008-06-18,90.195
2008-06-19,90.2556
2008-06-20,90.169
2008-06-23,90.364
2008-06-24,90.2768
2008-06-25,90.2998
2008-06-26,90.2695
2008-06-27,90.4501
2008-06-30,90.4731
2008-07-01,90.7144
2008-07-02,90.4351
2008-07-03,90.4375
2008-07-04,90.4229
2008-07-07,90.3157
2008-07-08,90.2837
2008-07-09,89.9614
2008-07-10,90.0105
2008-07-11,89.9657
2008-07-14,89.8888
2008-07-15,89.8521
2008-07-16,89.7194
2008-07-17,89.6188
2008-07-18,89.6155
2008-07-21,89.6592
2008-07-22,89.5483
2008-07-23,89.3369
2008-07-24,89.2928
2008-07-25,89.1519
2008-07-28,89.43
2008-07-29,89.4227
2008-07-30,89.389
2008-07-31,89.4899
2008-08-01,89.3981
2008-08-04,89.4053
2008-08-05,89.406
2008-08-06,89.4717
2008-08-07,89.7483
2008-08-08,90.3387
2008-08-11,90.368
2008-08-12,90.5792
2008-08-13,90.7239
2008-08-14,90.6993
2008-08-15,90.9134
2008-08-18,90.8318
2008-08-19,91.0308
2008-08-20,90.8385
2008-08-21,90.5561
2008-08-22,90.6387
2008-08-25,90.9422
2008-08-26,91.0335
2008-08-27,90.9368
2008-08-28,91.217
2008-08-29,91.4021
2008-09-01,91.4553
2008-09-02,92.1942
2008-09-03,92.4207
2008-09-04,92.6517
2008-09-05,92.8532
2008-09-08,92.63
2008-09-09,92.8451
2008-09-10,93.1642
2008-09-11,93.6361
2008-09-12,92.9339
2008-09-15,93.6696
2008-09-16,94.0457
2008-09-17,94.218
2008-09-18,94.5084
2008-09-19,93.4396
2008-09-22,93.0406
2008-09-23,93.3965
2008-09-24,93.8379
2008-09-25,93.7263
2008-09-26,94.0829
2008-09-29,94.7358
2008-09-30,94.8675
2008-10-01,95.0667
2008-10-02,95.7517
2008-10-03,95.8391
2008-10-06,97.9849
2008-10-07,99.1858
2008-10-08,102.146
2008-10-09,100.0357
2008-10-10,101.3589
2008-10-13,101.2877
2008-10-14,99.001
2008-10-15,100.1546
2008-10-16,101.8109
2008-10-17,100.9025
2008-10-20,100.6261
2008-10-21,101.9028
2008-10-22,103.7906
2008-10-23,103.6683
2008-10-24,104.1996
2008-10-27,103.5856
2008-10-28,103.5964
2008-10-29,102.3745
2008-10-30,101.0788
2008-10-31,101.0073
2008-11-03,101.0867
2008-11-04,100.145
2008-11-05,100.4372
2008-11-06,101.6843
2008-11-07,101.3041
2008-11-10,101.2144
2008-11-11,101.2476
2008-11-12,102.6907
2008-11-13,103.4648
2008-11-14,102.7365
2008-11-17,103.1172
2008-11-18,103.5109
2008-11-19,103.8846
2008-11-20,105.0782
2008-11-21,105.8386
2008-11-24,104.672
2008-11-25,104.1167
2008-11-26,103.7813
2008-11-27,103.7808
2008-11-28,104.2278
2008-12-01,105.0103
2008-12-02,104.8936
2008-12-03,105.0991
2008-12-04,105.2227
2008-12-05,106.0804
2008-12-08,104.7948
2008-12-09,104.6542
2008-12-10,104.119
2008-12-11,102.6172
2008-12-12,103.7717
2008-12-15,103.0062
2008-12-16,102.6818
2008-12-17,102.1626
2008-12-18,101.6594
2008-12-19,101.8394
2008-12-22,102.3738
2008-12-23,102.6215
2008-12-24,102.5483
2008-12-25,102.5885
2008-12-26,102.7549
2008-12-29,102.9499
2008-12-30,103.0199
2008-12-31,103.1185
2009-01-01,#N/A
2009-01-02,103.4126
2009-01-05,102.9638
2009-01-06,102.4709
2009-01-07,102.5726
2009-01-08,103.1101
2009-01-09,103.6498
2009-01-12,104.0255
2009-01-13,104.1318
2009-01-14,104.7158
2009-01-15,105.1816
2009-01-16,104.3559
2009-01-19,#N/A
2009-01-20,#N/A
2009-01-21,104.7762
2009-01-22,104.8323
2009-01-23,105.214
2009-01-26,104.8573
2009-01-27,105.3856
2009-01-28,105.0906
2009-01-29,105.3454
2009-01-30,105.8469
2009-02-02,106.376
2009-02-03,106.3771
2009-02-04,106.0682
2009-02-05,105.8552
2009-02-06,105.3426
2009-02-09,105.2433
2009-02-10,105.8347
2009-02-11,106.1943
2009-02-12,106.4216
2009-02-13,106.0987
2009-02-16,#N/A
2009-02-17,107.2168
2009-02-18,107.4794
2009-02-19,107.4503
2009-02-20,108.2962
2009-02-23,108.1065
2009-02-24,108.191
2009-02-25,108.3884
2009-02-26,108.4292
2009-02-27,108.9521
2009-03-02,110.1208
2009-03-03,109.901
2009-03-04,109.3408
2009-03-05,109.7391
2009-03-06,109.434
2009-03-09,109.6802
2009-03-10,109.0262
2009-03-11,108.535
2009-03-12,108.2756
2009-03-13,107.5379
2009-03-16,106.1461
2009-03-17,105.9241
2009-03-18,106.0984
2009-03-19,105.3031
2009-03-20,105.512
2009-03-23,105.6891
2009-03-24,105.6814
2009-03-25,105.5522
2009-03-26,105.4628
2009-03-27,105.8384
2009-03-30,106.5218
2009-03-31,106.035
2009-04-01,105.3539
2009-04-02,104.51
2009-04-03,104.087
2009-04-06,103.9608
2009-04-07,104.0227
2009-04-08,103.8389
2009-04-09,103.1851
2009-04-10,103.1326
2009-04-13,103.0336
2009-04-14,102.8311
2009-04-15,103.1359
2009-04-16,102.8185
2009-04-17,102.9258
2009-04-20,103.6398
2009-04-21,103.3972
2009-04-22,103.3396
2009-04-23,103.6369
2009-04-24,103.2139
2009-04-27,104.2542
2009-04-28,104.7747
2009-04-29,103.7658
2009-04-30,103.6122
2009-05-01,103.6726
2009-05-04,102.5318
2009-05-05,102.1726
2009-05-06,102.1769
2009-05-07,101.7326
2009-05-08,101.5896
2009-05-11,101.4808
2009-05-12,101.7133
2009-05-13,102.0641
2009-05-14,102.2131
2009-05-15,101.934
2009-05-18,101.6469
2009-05-19,101.0456
2009-05-20,100.7315
2009-05-21,101.1045
2009-05-22,100.9916
2009-05-25,#N/A
2009-05-26,101.2686
2009-05-27,101.2956
2009-05-28,101.3588
2009-05-29,100.9825
2009-06-01,100.5838
2009-06-02,100.8382
2009-06-03,100.9173
2009-06-04,100.9769
2009-06-05,101.0845
2009-06-08,101.6644
2009-06-09,101.5997
2009-06-10,101.7232
2009-06-11,101.3588
2009-06-12,101.239
2009-06-15,101.5691
2009-06-16,101.3226
2009-06-17,101.853
2009-06-18,101.4866
2009-06-19,101.4756
2009-06-22,101.8389
2009-06-23,101.7874
2009-06-24,101.4767
2009-06-25,101.6502
2009-06-26,101.3676
2009-06-29,101.266
2009-06-30,101.1376
2009-07-01,100.7522
2009-07-02,101.0881
2009-07-03,#N/A
2009-07-06,101.4472
2009-07-07,101.441
2009-07-08,102.0371
2009-07-09,102.1473
2009-07-10,102.6856
2009-07-13,102.9483
2009-07-14,102.6753
2009-07-15,101.881
2009-07-16,101.8078
2009-07-17,101.3876
2009-07-20,100.9748
2009-07-21,100.975
2009-07-22,100.8985
2009-07-23,100.6119
2009-07-24,100.7603
2009-07-27,100.6802
2009-07-28,100.7003
2009-07-29,100.9576
2009-07-30,100.7047
2009-07-31,100.5119
2009-08-03,100.1361
2009-08-04,100.1152
2009-08-05,100.178
2009-08-06,100.0385
2009-08-07,99.9494
2009-08-10,100.0164
2009-08-11,100.3539
2009-08-12,100.252
2009-08-13,99.9619
2009-08-14,100.0615
2009-08-17,100.5756
2009-08-18,100.4874
2009-08-19,100.2517
2009-08-20,100.1445
2009-08-21,99.9023
2009-08-24,99.9402
2009-08-25,100.0711
2009-08-26,100.7935
2009-08-27,100.9896
2009-08-28,100.9325
2009-08-31,101.1271
2009-09-01,101.6593
2009-09-02,101.6723
2009-09-03,101.4939
2009-09-04,101.0771
2009-09-07,#N/A
2009-09-08,100.5722
2009-09-09,100.7804
2009-09-10,100.7321
2009-09-11,100.4882
2009-09-14,100.697
2009-09-15,100.4682
2009-09-16,99.9119
2009-09-17,100.0105
2009-09-18,100.0025
2009-09-21,100.17
2009-09-22,99.999
2009-09-23,99.9376
2009-09-24,100.2041
2009-09-25,100.3126
2009-09-28,100.2556
2009-09-29,100.4227
2009-09-30,100.0426
2009-10-01,100.3626
2009-10-02,100.463
2009-10-05,100.2308
2009-10-06,99.6838
2009-10-07,99.6434
2009-10-08,99.1918
2009-10-09,99.1427
2009-10-12,#N/A
2009-10-13,98.8919
2009-10-14,98.5121
2009-10-15,98.5403
2009-10-16,98.574
2009-10-19,98.6342
2009-10-20,98.6734
2009-10-21,98.4979
2009-10-22,98.7046
2009-10-23,98.7275
2009-10-26,98.8965
2009-10-27,99.3607
2009-10-28,99.5993
2009-10-29,99.3078
2009-10-30,99.2753
2009-11-02,99.1678
2009-11-03,99.7421
2009-11-04,99.3733
2009-11-05,99.4468
2009-11-06,99.4053
2009-11-09,98.9768
2009-11-10,98.9418
2009-11-11,#N/A
2009-11-12,99.0627
2009-11-13,98.5806
2009-11-16,98.3068
2009-11-17,98.5739
2009-11-18,98.2726
2009-11-19,98.7318
2009-11-20,98.783
2009-11-23,98.4632
2009-11-24,98.3704
2009-11-25,98.1255
2009-11-26,#N/A
2009-11-27,98.5753
2009-11-30,98.5505
2009-12-01,98.2149
2009-12-02,98.0427
2009-12-03,97.6998
2009-12-04,97.8153
2009-12-07,97.9732
2009-12-08,98.4293
2009-12-09,98.7294
2009-12-10,98.7717
2009-12-11,98.6195
2009-12-14,98.2957
2009-12-15,98.2131
2009-12-16,98.2353
2009-12-17,99.0267
2009-12-18,98.8459
2009-12-21,#N/A
2009-12-22,99.051
2009-12-23,98.8748
2009-12-24,98.754
2009-12-25,#N/A
2009-12-28,98.7343
2009-12-29,99.0267
2009-12-30,98.9685
2009-12-31,98.8726
2010-01-01,#N/A
2010-01-04,98.2837
2010-01-05,98.0552
2010-01-06,97.7616
2010-01-07,97.8286
2010-01-08,97.6711
2010-01-11,97.3603
2010-01-12,97.5291
2010-01-13,97.6616
2010-01-14,97.6073
2010-01-15,97.5814
2010-01-18,#N/A
2010-01-19,97.6003
2010-01-20,98.0417
2010-01-21,98.1354
2010-01-22,98.6154
2010-01-25,98.5159
2010-01-26,98.8736
2010-01-27,98.8923
2010-01-28,98.8227
2010-01-29,99.0731
2010-02-01,98.9768
2010-02-02,98.6603
2010-02-03,98.8067
2010-02-04,99.2497
2010-02-05,99.6989
2010-02-08,#N/A
2010-02-09,#N/A
2010-02-10,#N/A
2010-02-11,#N/A
2010-02-12,99.0317
2010-02-15,#N/A
2010-02-16,98.6203
2010-02-17,98.5988
2010-02-18,98.5685
2010-02-19,98.5636
2010-02-22,98.4211
2010-02-23,98.6388
2010-02-24,98.6388
2010-02-25,98.7967
2010-02-26,98.401
2010-03-01,98.2794
2010-03-02,98.1065
2010-03-03,97.9064
2010-03-04,98.0562
2010-03-05,97.7994
2010-03-08,97.7411
2010-03-09,97.7042
2010-03-10,97.4983
2010-03-11,97.5586
2010-03-12,97.3332
2010-03-15,97.4779
2010-03-16,97.355
2010-03-17,97.1966
2010-03-18,97.2882
2010-03-19,97.5002
2010-03-22,97.7042
2010-03-23,97.4772
2010-03-24,97.5525
2010-03-25,97.5347
2010-03-26,97.6182
2010-03-29,97.2987
2010-03-30,97.1493
2010-03-31,96.8482
2010-04-01,96.7405
2010-04-02,96.6935
2010-04-05,96.5576
2010-04-06,96.4971
2010-04-07,96.4393
2010-04-08,96.4881
2010-04-09,96.2353
2010-04-12,96.2181
2010-04-13,96.3552
2010-04-14,96.1163
2010-04-15,96.122
2010-04-16,96.3255
2010-04-19,96.6421
2010-04-20,96.3199
2010-04-21,96.1677
2010-04-22,96.4015
2010-04-23,96.2235
2010-04-26,96.0057
2010-04-27,96.3945
2010-04-28,96.8038
2010-04-29,96.2568
2010-04-30,96.1307
2010-05-03,96.3874
2010-05-04,96.7844
2010-05-05,97.4181
2010-05-06,98.3076
2010-05-07,98.3918
2010-05-10,97.2314
2010-05-11,97.2796
2010-05-12,97.1851
2010-05-13,96.914
2010-05-14,97.5271
2010-05-17,98.1037
2010-05-18,97.7403
2010-05-19,98.8487
2010-05-20,99.641
2010-05-21,99.2769
2010-05-24,99.3433
2010-05-25,100.2312
2010-05-26,99.7116
2010-05-27,99.0738
2010-05-28,98.8593
2010-05-31,#N/A
2010-06-01,99.3003
2010-06-02,99.1151
2010-06-03,98.7157
2010-06-04,99.1556
2010-06-07,99.6077
2010-06-08,99.5642
2010-06-09,99.3209
2010-06-10,99.0836
2010-06-11,98.8984
2010-06-14,98.4562
2010-06-15,98.4433
2010-06-16,98.3068
2010-06-17,98.2534
2010-06-18,98.0022
2010-06-21,97.2732
2010-06-22,97.69
2010-06-23,98.0828
2010-06-24,98.2501
2010-06-25,98.2994
2010-06-28,98.1081
2010-06-29,98.7716
2010-06-30,98.6921
2010-07-01,99.1001
2010-07-02,99.0541
2010-07-05,#N/A
2010-07-06,98.6934
2010-07-07,98.6907
2010-07-08,98.3107
2010-07-09,98.16
2010-07-12,98.3031
2010-07-13,98.0685
2010-07-14,97.9955
2010-07-15,98.1404
2010-07-16,98.4934
2010-07-19,98.6444
2010-07-20,98.4352
2010-07-21,98.247
2010-07-22,98.1343
2010-07-23,98.098
2010-07-26,97.8965
2010-07-27,97.6131
2010-07-28,97.7313
2010-07-29,97.7778
2010-07-30,97.5311
2010-08-02,97.1704
2010-08-03,97.1491
2010-08-04,97.0889
2010-08-05,97.0488
2010-08-06,97.1803
2010-08-09,97.0815
2010-08-10,97.3829
2010-08-11,97.6594
2010-08-12,97.7359
2010-08-13,97.7908
2010-08-16,97.6706
2010-08-17,97.3139
2010-08-18,97.2706
2010-08-19,97.5762
2010-08-20,97.6966
2010-08-23,97.9573
2010-08-24,98.2088
2010-08-25,98.4662
2010-08-26,98.2427
2010-08-27,98.2825
2010-08-30,98.5651
2010-08-31,98.7096
2010-09-01,98.261
2010-09-02,98.1806
2010-09-03,97.8363
2010-09-06,#N/A
2010-09-07,98.1026
2010-09-08,97.9047
2010-09-09,97.7568
2010-09-10,97.559
2010-09-13,97.2371
2010-09-14,97.044
2010-09-15,97.042
2010-09-16,97.1245
2010-09-17,96.9558
2010-09-20,96.8005
2010-09-21,96.7602
2010-09-22,96.4773
2010-09-23,96.3963
2010-09-24,96.0998
2010-09-27,95.8768
2010-09-28,95.8445
2010-09-29,95.6673
2010-09-30,95.8768
2010-10-01,95.5932
2010-10-04,95.7136
2010-10-05,95.475
2010-10-06,95.2026
2010-10-07,95.3058
2010-10-08,95.1658
2010-10-11,#N/A
2010-10-12,95.1978
2010-10-13,94.852
2010-10-14,94.7496
2010-10-15,94.6938
2010-10-18,94.8494
2010-10-19,95.178
2010-10-20,95.0272
2010-10-21,95.0282
2010-10-22,95.1445
2010-10-25,94.8292
2010-10-26,95.0864
2010-10-27,95.486
2010-10-28,95.2987
2010-10-29,95.0479
2010-11-01,95.0378
2010-11-02,94.8112
2010-11-03,94.7788
2010-11-04,94.3761
2010-11-05,94.3147
2010-11-08,94.6777
2010-11-09,94.4361
2010-11-10,94.5078
2010-11-11,#N/A
2010-11-12,94.8359
2010-11-15,95.0338
2010-11-16,95.4041
2010-11-17,95.3197
2010-11-18,94.9358
2010-11-19,95.0111
2010-11-22,94.9826
2010-11-23,95.7576
2010-11-24,95.5071
2010-11-25,#N/A
2010-11-26,95.9294
2010-11-29,96.1154
2010-11-30,95.896
2010-12-01,95.4911
2010-12-02,95.3512
2010-12-03,95.1827
2010-12-06,95.1701
2010-12-07,95.1269
2010-12-08,95.4028
2010-12-09,95.469
2010-12-10,95.4398
2010-12-13,95.3187
2010-12-14,95.0974
2010-12-15,95.3419
2010-12-16,95.5362
2010-12-17,95.4544
2010-12-20,95.5535
2010-12-21,95.3124
2010-12-22,95.1201
2010-12-23,95.1
2010-12-24,#N/A
2010-12-27,95.0174
2010-12-28,94.9287
2010-12-29,94.788
2010-12-30,94.5179
2010-12-31,#N/A
2011-01-03,94.0516
2011-01-04,94.3006
2011-01-05,94.2109
2011-01-06,94.5059
2011-01-07,94.5761
2011-01-10,94.7117
2011-01-11,94.3603
2011-01-12,93.9127
2011-01-13,93.8958
2011-01-14,93.9016
2011-01-17,#N/A
2011-01-18,93.7614
2011-01-19,93.8132
2011-01-20,94.0817
2011-01-21,93.9356
2011-01-24,93.8787
2011-01-25,94.0017
2011-01-26,93.8287
2011-01-27,93.8722
2011-01-28,94.1716
2011-01-31,94.2802
2011-02-01,93.795
2011-02-02,93.6559
2011-02-03,93.7214
2011-02-04,93.653
2011-02-07,93.4913
2011-02-08,93.3636
2011-02-09,93.7262
2011-02-10,93.9017
2011-02-11,94.0759
2011-02-14,94.0385
2011-02-15,94.1512
2011-02-16,94.0061
2011-02-17,93.8259
2011-02-18,93.6376
2011-02-21,#N/A
2011-02-22,94.0333
2011-02-23,94.1959
2011-02-24,94.249
2011-02-25,94.0772
2011-02-28,93.9896
2011-03-01,93.8546
2011-03-02,93.8815
2011-03-03,93.6227
2011-03-04,93.5014
2011-03-07,93.492
2011-03-08,93.5144
2011-03-09,93.3726
2011-03-10,93.5828
2011-03-11,93.5292
2011-03-14,93.4756
2011-03-15,93.8357
2011-03-16,93.9496
2011-03-17,93.9959
2011-03-18,93.7959
2011-03-21,93.5196
2011-03-22,93.4171
2011-03-23,93.5172
2011-03-24,93.345
2011-03-25,93.2268
2011-03-28,93.3394
2011-03-29,93.3385
2011-03-30,93.0698
2011-03-31,92.935
2011-04-01,92.6033
2011-04-04,92.5608
2011-04-05,92.4903
2011-04-06,92.3193
2011-04-07,92.3162
2011-04-08,92.0409
2011-04-11,92.1223
2011-04-12,92.3815
2011-04-13,92.2916
2011-04-14,92.1336
2011-04-15,91.9652
2011-04-18,92.2475
2011-04-19,92.0229
2011-04-20,91.6618
2011-04-21,91.4125
2011-04-22,91.5056
2011-04-25,91.6385
2011-04-26,91.5369
2011-04-27,91.4082
2011-04-28,91.235
2011-04-29,90.9983
2011-05-02,90.9594
2011-05-03,91.1706
2011-05-04,91.4179
2011-05-05,91.7607
2011-05-06,91.5377
2011-05-09,91.6566
2011-05-10,91.527
2011-05-11,91.5529
2011-05-12,91.8948
2011-05-13,92.1146
2011-05-16,92.2391
2011-05-17,92.3478
2011-05-18,92.0872
2011-05-19,91.9696
2011-05-20,91.84
2011-05-23,92.3655
2011-05-24,92.1909
2011-05-25,92.2189
2011-05-26,92.101
2011-05-27,91.7265
2011-05-30,#N/A
2011-05-31,91.4221
2011-06-01,91.475
2011-06-02,91.6264
2011-06-03,91.454
2011-06-06,91.5465
2011-06-07,91.6062
2011-06-08,91.7434
2011-06-09,91.7404
2011-06-10,92.0403
2011-06-13,92.1238
2011-06-14,91.8391
2011-06-15,92.1428
2011-06-16,92.4746
2011-06-17,92.2063
2011-06-20,92.1687
2011-06-21,91.8662
2011-06-22,91.759
2011-06-23,92.1075
2011-06-24,92.1675
2011-06-27,92.2865
2011-06-28,92.0522
2011-06-29,91.7283
2011-06-30,91.4633
2011-07-01,91.2302
2011-07-04,#N/A
2011-07-05,91.2322
2011-07-06,91.2999
2011-07-07,91.0557
2011-07-08,91.1256
2011-07-11,91.4802
2011-07-12,91.7118
2011-07-13,91.3697
2011-07-14,91.2998
2011-07-15,91.3618
2011-07-18,91.653
2011-07-19,91.323
2011-07-20,91.1642
2011-07-21,90.9685
2011-07-22,90.8667
2011-07-25,90.9305
2011-07-26,90.7078
2011-07-27,90.8659
2011-07-28,90.9106
2011-07-29,91.0079
2011-08-01,91.0166
2011-08-02,91.1606
2011-08-03,91.3532
2011-08-04,91.8881
2011-08-05,92.1584
2011-08-08,92.5865
2011-08-09,93.0657
2011-08-10,92.9941
2011-08-11,92.8856
2011-08-12,92.5825
2011-08-15,92.3824
2011-08-16,92.243
2011-08-17,92.1241
2011-08-18,92.7066
2011-08-19,92.5251
2011-08-22,92.7163
2011-08-23,92.6165
2011-08-24,92.8891
2011-08-25,92.9916
2011-08-26,92.9632
2011-08-29,92.7353
2011-08-30,92.8348
2011-08-31,92.4129
2011-09-01,92.3179
2011-09-02,92.6723
2011-09-05,#N/A
2011-09-06,93.3119
2011-09-07,93.1709
2011-09-08,93.2739
2011-09-09,93.8023
2011-09-12,94.2638
2011-09-13,94.7198
2011-09-14,95.0829
2011-09-15,94.9435
2011-09-16,94.9712
2011-09-19,96.0042
2011-09-20,96.0095
2011-09-21,96.8091
2011-09-22,98.3526
2011-09-23,97.9681
2011-09-26,98.0069
2011-09-27,96.9592
2011-09-28,97.15
2011-09-29,97.4179
2011-09-30,98.0732
2011-10-03,98.4468
2011-10-04,98.7347
2011-10-05,97.9751
2011-10-06,97.5714
2011-10-07,96.8418
2011-10-10,#N/A
2011-10-11,96.7306
2011-10-12,96.3656
2011-10-13,96.6539
2011-10-14,96.3549
2011-10-17,96.2541
2011-10-18,96.6932
2011-10-19,96.4752
2011-10-20,97.5444
2011-10-21,97.1027
2011-10-24,96.5757
2011-10-25,96.4598
2011-10-26,96.5415
2011-10-27,95.4724
2011-10-28,95.116
2011-10-31,95.3895
2011-11-01,96.7758
2011-11-02,96.4198
2011-11-03,96.3551
2011-11-04,96.2651
2011-11-07,96.3401
2011-11-08,96.1996
2011-11-09,96.5497
2011-11-10,96.8701
2011-11-11,#N/A
2011-11-14,96.7608
2011-11-15,97.0347
2011-11-16,97.0595
2011-11-17,97.1797
2011-11-18,97.4654
2011-11-21,98.3097
2011-11-22,98.3042
2011-11-23,98.8857
2011-11-24,#N/A
2011-11-25,99.3254
2011-11-28,98.7448
2011-11-29,98.3973
2011-11-30,97.624
2011-12-01,97.2326
2011-12-02,97.0854
2011-12-05,96.9811
2011-12-06,97.1144
2011-12-07,97.1146
2011-12-08,97.5486
2011-12-09,97.561
2011-12-12,98.2126
2011-12-13,98.2938
2011-12-14,98.8069
2011-12-15,98.5495
2011-12-16,98.389
2011-12-19,98.4809
2011-12-20,98.1698
2011-12-21,98.1841
2011-12-22,98.1271
2011-12-23,98.0893
2011-12-26,#N/A
2011-12-27,98.3865
2011-12-28,98.5482
2011-12-29,98.4974
2011-12-30,98.304
2012-01-02,#N/A
2012-01-03,97.5555
2012-01-04,97.5854
2012-01-05,97.8533
2012-01-06,97.857
2012-01-09,97.8951
2012-01-10,97.3736
2012-01-11,97.4974
2012-01-12,97.2356
2012-01-13,97.2684
2012-01-16,#N/A
2012-01-17,96.7848
2012-01-18,96.3837
2012-01-19,96.0814
2012-01-20,96.1458
2012-01-23,95.8484
2012-01-24,95.939
2012-01-25,95.9078
2012-01-26,95.2303
2012-01-27,95.1198
2012-01-30,95.3876
2012-01-31,95.3102
2012-02-01,95.0495
2012-02-02,94.5218
2012-02-03,94.3123
2012-02-06,94.2626
2012-02-07,94.1875
2012-02-08,94.2215
2012-02-09,94.289
2012-02-10,94.6303
2012-02-13,94.3683
2012-02-14,94.6154
2012-02-15,94.5633
2012-02-16,94.8444
2012-02-17,94.6537
2012-02-20,#N/A
2012-02-21,94.4645
2012-02-22,94.6277
2012-02-23,94.6076
2012-02-24,94.6249
2012-02-27,94.6827
2012-02-28,94.5817
2012-02-29,94.3754
2012-03-01,94.3794
2012-03-02,94.507
2012-03-05,94.7353
2012-03-06,95.2999
2012-03-07,95.1487
2012-03-08,94.7802
2012-03-09,94.4811
2012-03-12,94.9403
2012-03-13,94.6846
2012-03-14,94.9497
2012-03-15,94.8622
2012-03-16,94.7858
2012-03-19,94.6538
2012-03-20,94.9756
2012-03-21,95.028
2012-03-22,95.2716
2012-03-23,95.1886
2012-03-26,94.9354
2012-03-27,94.7984
2012-03-28,95.1764
2012-03-29,95.4017
2012-03-30,95.1056
2012-04-02,94.9372
2012-04-03,94.8231
2012-04-04,95.2128
2012-04-05,95.2665
2012-04-06,95.5136
2012-04-09,95.5964
2012-04-10,96.0555
2012-04-11,95.9819
2012-04-12,95.6646
2012-04-13,95.8213
2012-04-16,96.1136
2012-04-17,95.7471
2012-04-18,95.9713
2012-04-19,96.2143
2012-04-20,95.9611
2012-04-23,96.2566
2012-04-24,96.1042
2012-04-25,96.0875
2012-04-26,96.0804
2012-04-27,95.6586
2012-04-30,95.5361
2012-05-01,95.4937
2012-05-02,95.7117
2012-05-03,95.8534
2012-05-04,96.2473
2012-05-07,96.2596
2012-05-08,96.6522
2012-05-09,97.1614
2012-05-10,97.0291
2012-05-11,97.0985
2012-05-14,97.7709
2012-05-15,97.9524
2012-05-16,98.3061
2012-05-17,98.2928
2012-05-18,98.524
2012-05-21,98.5329
2012-05-22,98.4317
2012-05-23,99.3088
2012-05-24,99.1762
2012-05-25,99.1866
2012-05-28,#N/A
2012-05-29,99.0639
2012-05-30,99.5942
2012-05-31,100.1243
2012-06-01,100.2408
2012-06-04,99.9861
2012-06-05,99.9423
2012-06-06,99.4152
2012-06-07,99.089
2012-06-08,99.391
2012-06-11,99.3429
2012-06-12,99.4066
2012-06-13,99.3198
2012-06-14,99.3962
2012-06-15,99.0846
2012-06-18,99.064
2012-06-19,98.5259
2012-06-20,98.6377
2012-06-21,98.8725
2012-06-22,99.2092
2012-06-25,99.5521
2012-06-26,99.3031
2012-06-27,98.9236
2012-06-28,98.9829
2012-06-29,97.9198
2012-07-02,97.8037
2012-07-03,97.4551
2012-07-04,#N/A
2012-07-05,97.7433
2012-07-06,98.2303
2012-07-09,98.2302
2012-07-10,97.8687
2012-07-11,97.9217
2012-07-12,98.3777
2012-07-13,98.0058
2012-07-16,97.8667
2012-07-17,97.71
2012-07-18,97.4481
2012-07-19,97.5504
2012-07-20,97.8065
2012-07-23,98.5613
2012-07-24,98.9881
2012-07-25,98.8347
2012-07-26,98.269
2012-07-27,97.7697
2012-07-30,97.7854
2012-07-31,97.632
2012-08-01,97.5993
2012-08-02,98.0153
2012-08-03,97.3594
2012-08-06,97.1661
2012-08-07,97.3213
2012-08-08,97.3081
2012-08-09,97.1737
2012-08-10,97.182
2012-08-13,97.4019
2012-08-14,97.3807
2012-08-15,97.4543
2012-08-16,97.4315
2012-08-17,97.4865
2012-08-20,97.4115
2012-08-21,97.2835
2012-08-22,97.4006
2012-08-23,97.2598
2012-08-24,97.3994
2012-08-27,97.4769
2012-08-28,97.5344
2012-08-29,97.7586
2012-08-30,97.9595
2012-08-31,97.5522
2012-09-03,#N/A
2012-09-04,97.4472
2012-09-05,97.3636
2012-09-06,97.1008
2012-09-07,96.8494
2012-09-10,96.7927
2012-09-11,96.7187
2012-09-12,96.7159
2012-09-13,96.6657
2012-09-14,95.6878
2012-09-17,95.7931
2012-09-18,95.995
2012-09-19,95.9855
2012-09-20,96.1715
2012-09-21,95.9238
2012-09-24,96.1793
2012-09-25,95.9433
2012-09-26,96.2138
2012-09-27,95.9607
2012-09-28,95.8691
2012-10-01,95.7289
2012-10-02,95.7558
2012-10-03,95.7656
2012-10-04,95.4761
2012-10-05,95.3588
2012-10-08,#N/A
2012-10-09,95.9152
2012-10-10,96.0075
2012-10-11,95.823
2012-10-12,95.7558
2012-10-15,95.6449
2012-10-16,95.511
2012-10-17,95.3885
2012-10-18,95.4902
2012-10-19,95.6771
2012-10-22,95.6322
2012-10-23,95.9325
2012-10-24,95.9632
2012-10-25,95.807
2012-10-26,95.9256
2012-10-29,#N/A
2012-10-30,#N/A
2012-10-31,95.9941
2012-11-01,95.8999
2012-11-02,95.8442
2012-11-05,96.11
2012-11-06,95.8871
2012-11-07,96.011
2012-11-08,96.1253
2012-11-09,96.2901
2012-11-12,#N/A
2012-11-13,96.3736
2012-11-14,96.387
2012-11-15,96.501
2012-11-16,96.5135
2012-11-19,96.1339
2012-11-20,96.0188
2012-11-21,96.1101
2012-11-22,#N/A
2012-11-23,95.965
2012-11-26,95.9919
2012-11-27,95.8892
2012-11-28,96.0746
2012-11-29,95.866
2012-11-30,95.7149
2012-12-03,95.7833
2012-12-04,95.8325
2012-12-05,95.6993
2012-12-06,95.6447
2012-12-07,95.5476
2012-12-10,95.4239
2012-12-11,95.3687
2012-12-12,95.3057
2012-12-13,95.3857
2012-12-14,95.4001
2012-12-17,95.3673
2012-12-18,95.2599
2012-12-19,95.2105
2012-12-20,95.2968
2012-12-21,95.6671
2012-12-24,95.7762
2012-12-25,#N/A
2012-12-26,95.7419
2012-12-27,95.737
2012-12-28,95.6113
2012-12-31,95.558
2013-01-01,#N/A
2013-01-02,95.0113
2013-01-03,94.9935
2013-01-04,95.132
2013-01-07,95.1415
2013-01-08,95.1922
2013-01-09,95.0396
2013-01-10,94.7505
2013-01-11,94.772
2013-01-14,94.6628
2013-01-15,94.7077
2013-01-16,94.6764
2013-01-17,94.5391
2013-01-18,94.6739
2013-01-21,#N/A
2013-01-22,94.755
2013-01-23,94.7193
2013-01-24,94.647
2013-01-25,94.9187
2013-01-28,95.2276
2013-01-29,94.8998
2013-01-30,94.9739
2013-01-31,94.9878
2013-02-01,94.8324
2013-02-04,95.0115
2013-02-05,94.7527
2013-02-06,94.9127
2013-02-07,95.0386
2013-02-08,95.0848
2013-02-11,95.1742
2013-02-12,95.0734
2013-02-13,94.9929
2013-02-14,94.9259
2013-02-15,94.9239
2013-02-18,#N/A
2013-02-19,94.9338
2013-02-20,94.9335
2013-02-21,95.2592
2013-02-22,95.1726
2013-02-25,95.1266
2013-02-26,95.5073
2013-02-27,95.2719
2013-02-28,95.1923
2013-03-01,95.3092
2013-03-04,95.3643
2013-03-05,95.195
2013-03-06,#N/A
2013-03-07,95.2063
2013-03-08,94.8997
2013-03-11,94.7809
2013-03-12,94.5643
2013-03-13,94.498
2013-03-14,94.6624
2013-03-15,94.6492
2013-03-18,94.7304
2013-03-19,94.7787
2013-03-20,94.6566
2013-03-21,94.6127
2013-03-22,94.7177
2013-03-25,94.5952
2013-03-26,94.5303
2013-03-27,94.6717
2013-03-28,94.6055
2013-03-29,94.5458
2013-04-01,94.5714
2013-04-02,94.4283
2013-04-03,94.5186
2013-04-04,94.6611
2013-04-05,94.4435
2013-04-08,94.2956
2013-04-09,94.1457
2013-04-10,94.0152
2013-04-11,93.8737
2013-04-12,93.9442
2013-04-15,94.0651
2013-04-16,93.9898
2013-04-17,94.1634
2013-04-18,94.2644
2013-04-19,94.1413
2013-04-22,94.3764
2013-04-23,94.2702
2013-04-24,94.3218
2013-04-25,93.8431
2013-04-26,93.9357
2013-04-29,93.7138
2013-04-30,93.6845
2013-05-01,93.8822
2013-05-02,93.7552
2013-05-03,93.566
2013-05-06,93.626
2013-05-07,93.4724
2013-05-08,93.2086
2013-05-09,93.1448
2013-05-10,93.8231
2013-05-13,93.9345
2013-05-14,93.8845
2013-05-15,94.2175
2013-05-16,94.2514
2013-05-17,94.4823
2013-05-20,94.476
2013-05-21,94.4344
2013-05-22,94.5254
2013-05-23,94.9644
2013-05-24,95.1034
2013-05-27,#N/A
2013-05-28,95.2044
2013-05-29,95.5479
2013-05-30,95.8397
2013-05-31,95.976
2013-06-03,95.9497
2013-06-04,95.789
2013-06-05,95.9463
2013-06-06,96.1208
2013-06-07,95.7723
2013-06-10,96.3258
2013-06-11,96.3968
2013-06-12,96.2574
2013-06-13,96.1247
2013-06-14,95.8238
2013-06-17,96.0555
2013-06-18,96.4858
2013-06-19,96.4397
2013-06-20,98.0684
2013-06-21,98.1673
2013-06-24,98.2219
2013-06-25,97.7203
2013-06-26,97.7598
2013-06-27,97.246
2013-06-28,97.1006
2013-07-01,96.8563
2013-07-02,97.0711
2013-07-03,97.3374
2013-07-04,#N/A
2013-07-05,97.4625
2013-07-08,97.3826
2013-07-09,97.0832
2013-07-10,97.1755
2013-07-11,96.8014
2013-07-12,96.7945
2013-07-15,96.5433
2013-07-16,96.1871
2013-07-17,95.9922
2013-07-18,96.1426
2013-07-19,96.1254
2013-07-22,96.0276
2013-07-23,96.0115
2013-07-24,96.3038
2013-07-25,96.383
2013-07-26,96.4583
2013-07-29,96.5624
2013-07-30,96.7967
2013-07-31,97.0957
2013-08-01,97.0342
2013-08-02,96.7411
2013-08-05,96.6378
2013-08-06,96.549
2013-08-07,96.7102
2013-08-08,96.3818
2013-08-09,96.3019
2013-08-12,96.3435
2013-08-13,96.8727
2013-08-14,96.8315
2013-08-15,97.1161
2013-08-16,97.2114
2013-08-19,97.7787
2013-08-20,97.7869
2013-08-21,98.3121
2013-08-22,98.4175
2013-08-23,97.8132
2013-08-26,98.2163
2013-08-27,98.8889
2013-08-28,98.7239
2013-08-29,98.6308
2013-08-30,98.7104
2013-09-02,#N/A
2013-09-03,99.0225
2013-09-04,98.5885
2013-09-05,98.7801
2013-09-06,98.1152
2013-09-09,97.9618
2013-09-10,97.7757
2013-09-11,97.5655
2013-09-12,97.5261
2013-09-13,97.4914
2013-09-16,97.1362
2013-09-17,97.0674
2013-09-18,97.1109
2013-09-19,96.1481
2013-09-20,96.3644
2013-09-23,96.4945
2013-09-24,96.6728
2013-09-25,96.86
2013-09-26,97.0408
2013-09-27,97.3517
2013-09-30,97.3206
2013-10-01,97.3023
2013-10-02,97.2046
2013-10-03,97.3365
2013-10-04,96.9151
2013-10-07,96.9666
2013-10-08,97.1292
2013-10-09,97.267
2013-10-10,96.8002
2013-10-11,96.792
2013-10-14,#N/A
2013-10-15,96.4512
2013-10-16,96.2577
2013-10-17,95.9278
2013-10-18,95.9795
2013-10-21,96.3478
2013-10-22,96.1336
2013-10-23,96.2348
2013-10-24,96.3727
2013-10-25,96.1567
2013-10-28,96.1438
2013-10-29,96.1939
2013-10-30,96.1926
2013-10-31,96.6356
2013-11-01,96.9705
2013-11-04,96.7445
2013-11-05,97.1444
2013-11-06,97.1852
2013-11-07,97.3349
2013-11-08,97.4949
2013-11-11,#N/A
2013-11-12,97.7018
2013-11-13,97.4223
2013-11-14,97.2055
2013-11-15,97.0443
2013-11-18,96.6603
2013-11-19,96.7273
2013-11-20,96.9767
2013-11-21,97.3438
2013-11-22,97.1683
2013-11-25,97.1504
2013-11-26,97.3221
2013-11-27,97.4647
2013-11-28,#N/A
2013-11-29,97.524
2013-12-02,97.7118
2013-12-03,97.8016
2013-12-04,97.6215
2013-12-05,97.361
2013-12-06,97.0473
2013-12-09,96.6664
2013-12-10,#N/A
2013-12-11,96.9508
2013-12-12,97.2338
2013-12-13,97.1183
2013-12-16,97.0376
2013-12-17,97.0781
2013-12-18,97.2793
2013-12-19,97.396
2013-12-20,97.3987
2013-12-23,97.3962
2013-12-24,97.4629
2013-12-25,#N/A
2013-12-26,97.5681
2013-12-27,97.5268
2013-12-30,97.4346
2013-12-31,97.4769
2014-01-01,#N/A
2014-01-02,97.653
2014-01-03,97.6439
2014-01-06,97.7167
2014-01-07,97.6524
2014-01-08,97.7371
2014-01-09,97.8669
2014-01-10,97.372
2014-01-13,97.298
2014-01-14,97.4613
2014-01-15,97.7189
2014-01-16,98.1125
2014-01-17,98.0078
2014-01-20,#N/A
2014-01-21,98.2408
2014-01-22,98.3285
2014-01-23,98.6689
2014-01-24,98.959
2014-01-27,99.0562
2014-01-28,98.7452
2014-01-29,98.7893
2014-01-30,98.7934
2014-01-31,98.9393
2014-02-03,99.3501
2014-02-04,98.9024
2014-02-05,98.8153
2014-02-06,98.5044
2014-02-07,98.694
2014-02-10,98.6739
2014-02-11,98.6062
2014-02-12,98.556
2014-02-13,#N/A
2014-02-14,98.337
2014-02-17,#N/A
2014-02-18,98.3688
2014-02-19,98.5311
2014-02-20,98.6613
2014-02-21,#N/A
2014-02-24,98.4303
2014-02-25,98.582
2014-02-26,98.8085
2014-02-27,98.7726
2014-02-28,98.6424
2014-03-03,#N/A
2014-03-04,98.8038
2014-03-05,98.6267
2014-03-06,98.1427
2014-03-07,98.3701
2014-03-10,98.555
2014-03-11,98.606
2014-03-12,98.7854
2014-03-13,98.626
2014-03-14,98.713
2014-03-17,#N/A
2014-03-18,98.7196
2014-03-19,98.7075
2014-03-20,99.2219
2014-03-21,99.0824
2014-03-24,98.8434
2014-03-25,98.6766
2014-03-26,98.6243
2014-03-27,98.4293
2014-03-28,98.3665
2014-03-31,98.2515
2014-04-01,98.0605
2014-04-02,98.2491
2014-04-03,98.4265
2014-04-04,98.0629
2014-04-07,97.9913
2014-04-08,97.6368
2014-04-09,97.7986
2014-04-10,97.7527
2014-04-11,97.8571
2014-04-14,97.939
2014-04-15,98.1401
2014-04-16,98.0033
2014-04-17,98.0119
2014-04-18,97.9913
2014-04-21,98.0529
2014-04-22,98.2085
2014-04-23,98.3433
2014-04-24,98.3654
2014-04-25,98.4624
2014-04-28,98.4099
2014-04-29,98.2546
2014-04-30,98.2699
2014-05-01,98.1883
2014-05-02,98.0195
2014-05-05,97.9902
2014-05-06,97.8177
2014-05-07,97.7508
2014-05-08,97.5787
2014-05-09,97.688
2014-05-12,97.6588
2014-05-13,97.5242
2014-05-14,97.4201
2014-05-15,97.6585
2014-05-16,97.471
2014-05-19,97.3451
2014-05-20,97.5407
2014-05-21,97.4809
2014-05-22,97.3832
2014-05-23,97.3659
2014-05-26,#N/A
2014-05-27,97.5768
2014-05-28,97.5825
2014-05-29,97.3769
2014-05-30,97.5221
2014-06-02,97.7515
2014-06-03,97.8442
2014-06-04,97.8945
2014-06-05,97.6652
2014-06-06,97.5848
2014-06-09,97.6243
2014-06-10,97.68
2014-06-11,97.6821
2014-06-12,97.5297
2014-06-13,97.6176
2014-06-16,97.7846
2014-06-17,98.0464
2014-06-18,97.9952
2014-06-19,97.7611
2014-06-20,97.7713
2014-06-23,97.6619
2014-06-24,97.7226
2014-06-25,97.7272
2014-06-26,97.6399
2014-06-27,97.5112
2014-06-30,97.37
2014-07-01,97.2814
2014-07-02,97.3617
2014-07-03,97.3428
2014-07-04,#N/A
2014-07-07,97.4148
2014-07-08,97.3427
2014-07-09,97.2453
2014-07-10,97.3685
2014-07-11,97.384
2014-07-14,97.3816
2014-07-15,97.4954
2014-07-16,97.4317
2014-07-17,97.5868
2014-07-18,97.5589
2014-07-21,97.4763
2014-07-22,97.3139
2014-07-23,97.2454
2014-07-24,97.3558
2014-07-25,97.3438
2014-07-28,97.4218
2014-07-29,97.5481
2014-07-30,97.7734
2014-07-31,98.0721
2014-08-01,98.2034
2014-08-04,98.0901
2014-08-05,98.2445
2014-08-06,98.2342
2014-08-07,98.3575
2014-08-08,98.2527
2014-08-11,98.0207
2014-08-12,98.0007
2014-08-13,97.8697
2014-08-14,97.729
2014-08-15,97.6945
2014-08-18,97.537
2014-08-19,97.5819
2014-08-20,97.6958
2014-08-21,97.7681
2014-08-22,97.8553
2014-08-25,97.9267
2014-08-26,97.814
2014-08-27,97.6566
2014-08-28,97.7552
2014-08-29,97.7
2014-09-01,#N/A
2014-09-02,97.9199
2014-09-03,97.7167
2014-09-04,97.7994
2014-09-05,97.7404
2014-09-08,97.7772
2014-09-09,98.2443
2014-09-10,98.3007
2014-09-11,98.3241
2014-09-12,98.5277
2014-09-15,98.6758
2014-09-16,98.4668
2014-09-17,98.5381
2014-09-18,98.7556
2014-09-19,98.7913
2014-09-22,98.9167
2014-09-23,98.9894
2014-09-24,98.9561
2014-09-25,99.2547
2014-09-26,99.401
2014-09-29,99.803
2014-09-30,99.6781
2014-10-01,99.8048
2014-10-02,99.6758
2014-10-03,99.9038
2014-10-06,99.6278
2014-10-07,99.6462
2014-10-08,99.893
2014-10-09,99.4228
2014-10-10,99.6624
2014-10-13,#N/A
2014-10-14,99.5449
2014-10-15,99.8786
2014-10-16,99.9936
2014-10-17,99.8145
2014-10-20,99.8158
2014-10-21,99.7157
2014-10-22,99.8101
2014-10-23,99.926
2014-10-24,99.8578
2014-10-27,100.0708
2014-10-28,99.6986
2014-10-29,99.449
2014-10-30,99.5331
2014-10-31,99.9431
2014-11-03,100.2656
2014-11-04,100.4055
2014-11-05,100.5618
2014-11-06,100.7266
2014-11-07,100.7232
2014-11-10,100.5934
2014-11-11,#N/A
2014-11-12,100.7157
2014-11-13,100.9506
2014-11-14,100.9947
2014-11-17,101.0494
2014-11-18,100.9199
2014-11-19,101.1688
2014-11-20,101.1711
2014-11-21,101.0529
2014-11-24,101.246
2014-11-25,101.1844
2014-11-26,101.2701
2014-11-27,#N/A
2014-11-28,102.0959
2014-12-01,102.273
2014-12-02,102.6932
2014-12-03,102.6894
2014-12-04,102.7541
2014-12-05,103.3133
2014-12-08,103.6253
2014-12-09,103.4702
2014-12-10,103.8032
2014-12-11,104.3222
2014-12-12,104.6188
2014-12-15,104.9193
2014-12-16,104.8539
2014-12-17,104.4306
2014-12-18,104.3837
2014-12-19,104.5625
2014-12-22,104.4335
2014-12-23,104.7662
2014-12-24,104.7672
2014-12-25,#N/A
2014-12-26,#N/A
2014-12-29,104.8373
2014-12-30,104.5636
2014-12-31,104.5904
2015-01-01,#N/A
2015-01-02,104.9858
2015-01-05,105.6342
2015-01-06,105.3732
2015-01-07,105.2499
2015-01-08,104.672
2015-01-09,104.4547
2015-01-12,104.5551
2015-01-13,104.3998
2015-01-14,104.3229
2015-01-15,104.2831
2015-01-16,104.3291
2015-01-19,#N/A
2015-01-20,104.5761
2015-01-21,104.5846
2015-01-22,104.2139
2015-01-23,104.4282
2015-01-26,104.5248
2015-01-27,104.3357
2015-01-28,104.6944
2015-01-29,105.3721
2015-01-30,105.8522
2015-02-02,105.584
2015-02-03,105.1642
2015-02-04,105.1953
2015-02-05,105.0626
2015-02-06,105.4945
2015-02-09,105.3681
2015-02-10,105.7194
2015-02-11,106.22
2015-02-12,105.6254
2015-02-13,105.4741
2015-02-16,#N/A
2015-02-17,#N/A
2015-02-18,105.9352
2015-02-19,105.8761
2015-02-20,106.1643
2015-02-23,106.2742
2015-02-24,106.0453
2015-02-25,105.8213
2015-02-26,105.8529
2015-02-27,105.9409
2015-03-02,106.1557
2015-03-03,106.017
2015-03-04,106.5147
2015-03-05,#N/A
2015-03-06,107.4348
2015-03-09,107.6004
2015-03-10,108.0652
2015-03-11,107.8573
2015-03-12,107.5554
2015-03-13,108.2541
2015-03-16,108.0235
2015-03-17,107.9527
2015-03-18,107.7968
2015-03-19,107.3882
2015-03-20,106.7447
2015-03-23,106.2887
2015-03-24,106.0898
2015-03-25,106.1121
2015-03-26,106.5004
2015-03-27,106.7851
2015-03-30,106.9844
2015-03-31,106.8414
2015-04-01,106.3951
2015-04-02,106.1118
2015-04-03,105.488
2015-04-06,105.4146
2015-04-07,105.7542
2015-04-08,105.6721
2015-04-09,105.9034
2015-04-10,106.2975
2015-04-13,106.7806
2015-04-14,106.3422
2015-04-15,106.5271
2015-04-16,105.98
2015-04-17,106.2208
2015-04-20,106.4471
2015-04-21,106.4157
2015-04-22,106.3569
2015-04-23,106.1648
2015-04-24,106.0702
2015-04-27,105.8983
2015-04-28,105.4718
2015-04-29,105.4602
2015-04-30,106.16
2015-05-01,106.5648
2015-05-04,106.6409
2015-05-05,106.2454
2015-05-06,106.0304
2015-05-07,106.3721
2015-05-08,105.7949
2015-05-11,106.3407
2015-05-12,106.3203
2015-05-13,106.0493
2015-05-14,105.6767
2015-05-15,105.3707
2015-05-18,105.7761
2015-05-19,106.0698
2015-05-20,106.1524
2015-05-21,106.1427
2015-05-22,106.2754
2015-05-25,#N/A
2015-05-26,106.7873
2015-05-27,106.9032
2015-05-28,106.9643
2015-05-29,106.9655
2015-06-01,107.2303
2015-06-02,107.0631
2015-06-03,107.0475
2015-06-04,107.4564
2015-06-05,107.8878
2015-06-08,107.8702
2015-06-09,107.4758
2015-06-10,107.1387
2015-06-11,107.1842
2015-06-12,107.1551
2015-06-15,107.2003
2015-06-16,107.2369
2015-06-17,107.2825
2015-06-18,106.5746
2015-06-19,106.8476
2015-06-22,106.7363
2015-06-23,106.9491
2015-06-24,107.1173
2015-06-25,107.257
2015-06-26,107.5464
2015-06-29,107.7445
2015-06-30,107.6952
2015-07-01,107.9487
2015-07-02,107.7233
2015-07-03,#N/A
2015-07-06,108.0081
2015-07-07,108.4002
2015-07-08,108.3956
2015-07-09,108.3052
2015-07-10,108.0732
2015-07-13,108.1208
2015-07-14,108.0201
2015-07-15,108.3494
2015-07-16,108.3811
2015-07-17,108.7373
2015-07-20,109.0297
2015-07-21,108.8202
2015-07-22,109.2721
2015-07-23,109.5238
2015-07-24,109.9078
2015-07-27,110.0286
2015-07-28,109.9518
2015-07-29,109.7346
2015-07-30,110.5167
2015-07-31,109.7424
2015-08-03,110.0549
2015-08-04,110.1232
2015-08-05,110.7136
2015-08-06,110.7026
2015-08-07,110.3475
2015-08-10,110.1798
2015-08-11,111.5529
2015-08-12,111.8951
2015-08-13,112.2075
2015-08-14,112.1401
2015-08-17,112.4216
2015-08-18,112.5023
2015-08-19,112.8213
2015-08-20,113.0644
2015-08-21,113.7995
2015-08-24,114.4942
2015-08-25,114.2083
2015-08-26,114.508
2015-08-27,113.6859
2015-08-28,113.534
2015-08-31,113.4605
2015-09-01,113.7322
2015-09-02,113.9758
2015-09-03,113.7356
2015-09-04,114.1413
2015-09-07,#N/A
2015-09-08,114.067
2015-09-09,114.0454
2015-09-10,113.9833
2015-09-11,114.0778
2015-09-14,113.9024
2015-09-15,113.8518
2015-09-16,113.2917
2015-09-17,113.2869
2015-09-18,113.204
2015-09-21,113.8237
2015-09-22,114.4974
2015-09-23,115.2125
2015-09-24,115.2114
2015-09-25,114.6809
2015-09-28,114.9318
2015-09-29,115.1071
2015-09-30,114.374
2015-10-01,114.4023
2015-10-02,114.1473
2015-10-05,113.4996
2015-10-06,113.3396
2015-10-07,112.7887
2015-10-08,112.6407
2015-10-09,112.0079
2015-10-12,#N/A
2015-10-13,112.6537
2015-10-14,112.5337
2015-10-15,111.9037
2015-10-16,112.0505
2015-10-19,112.5378
2015-10-20,112.6217
2015-10-21,113.058
2015-10-22,112.6874
2015-10-23,112.6571
2015-10-26,112.4787
2015-10-27,112.7831
2015-10-28,112.4879
2015-10-29,113.0365
2015-10-30,112.5693
2015-11-02,112.4967
2015-11-03,112.1121
2015-11-04,112.5098
2015-11-05,112.6226
2015-11-06,113.2506
2015-11-09,113.7998
2015-11-10,113.6095
2015-11-11,#N/A
2015-11-12,113.6216
2015-11-13,113.7912
2015-11-16,114.0431
2015-11-17,113.9319
2015-11-18,113.9504
2015-11-19,113.2847
2015-11-20,113.066
2015-11-23,113.3281
2015-11-24,113.0085
2015-11-25,113.1326
2015-11-26,#N/A
2015-11-27,113.538
2015-11-30,113.5792
2015-12-01,113.3608
2015-12-02,113.5363
2015-12-03,113.6256
2015-12-04,113.4664
2015-12-07,114.3669
2015-12-08,114.7859
2015-12-09,114.803
2015-12-10,114.8901
2015-12-11,115.8538
2015-12-14,115.9311
2015-12-15,115.4212
2015-12-16,115.5956
2015-12-17,116.015
2015-12-18,115.6195
2015-12-21,115.933
2015-12-22,115.8795
2015-12-23,115.5813
2015-12-24,115.8583
2015-12-25,#N/A
2015-12-28,115.8035
2015-12-29,115.7864
2015-12-30,116.3214
2015-12-31,115.8549
2016-01-01,#N/A
2016-01-04,116.9687
2016-01-05,116.8652
2016-01-06,117.4281
2016-01-07,118.0029
2016-01-08,118.6114
2016-01-11,118.5315
2016-01-12,118.5574
2016-01-13,118.3294
2016-01-14,118.5737
2016-01-15,119.4023
2016-01-18,#N/A
2016-01-19,119.1446
2016-01-20,120.1806
2016-01-21,119.8137
2016-01-22,#N/A
2016-01-25,#N/A
2016-01-26,#N/A
2016-01-27,119.3515
2016-01-28,119.1757
2016-01-29,118.8802
2016-02-01,118.9664
2016-02-02,119.5378
2016-02-03,119.2294
2016-02-04,118.3107
2016-02-05,118.8966
2016-02-08,119.4001
2016-02-09,119.6832
2016-02-10,119.522
2016-02-11,120.3006
2016-02-12,120.0621
2016-02-15,#N/A
2016-02-16,119.6689
2016-02-17,118.7892
2016-02-18,118.6402
2016-02-19,118.9175
2016-02-22,118.2117
2016-02-23,118.7275
2016-02-24,118.8311
2016-02-25,118.6099
2016-02-26,118.9188
2016-02-29,118.639
2016-03-01,118.0555
2016-03-02,117.8034
2016-03-03,117.4541
2016-03-04,116.6683
2016-03-07,116.7591
2016-03-08,117.2192
2016-03-09,116.6875
2016-03-10,116.9699
2016-03-11,116.1564
2016-03-14,116.4256
2016-03-15,117.0226
2016-03-16,117.1123
2016-03-17,115.0667
2016-03-18,114.8868
2016-03-21,115.1101
2016-03-22,114.943
2016-03-23,115.6716
2016-03-24,116.0007
2016-03-25,115.852
2016-03-28,115.4968
2016-03-29,115.6065
2016-03-30,114.5179
2016-03-31,114.1489
2016-04-01,114.6043
2016-04-04,114.9874
2016-04-05,115.7184
2016-04-06,115.4839
2016-04-07,115.9235
2016-04-08,115.4483
2016-04-11,114.9484
2016-04-12,114.7814
2016-04-13,114.8671
2016-04-14,114.6884
2016-04-15,114.931
2016-04-18,114.7878
2016-04-19,114.0357
2016-04-20,114.0739
2016-04-21,114.6112
2016-04-22,114.9741
2016-04-25,115.1584
2016-04-26,114.6973
2016-04-27,114.7477
2016-04-28,114.1018
2016-04-29,114.0341
2016-05-02,114.1361
2016-05-03,115.0354
2016-05-04,115.574
2016-05-05,115.755
2016-05-06,115.9394
2016-05-09,116.5717
2016-05-10,116.2553
2016-05-11,115.8329
2016-05-12,116.2867
2016-05-13,116.7165
2016-05-16,116.7829
2016-05-17,116.8279
2016-05-18,117.2983
2016-05-19,117.9952
2016-05-20,117.6162
2016-05-23,117.7961
2016-05-24,117.793
2016-05-25,117.7566
2016-05-26,117.593
2016-05-27,117.6827
2016-05-30,#N/A
2016-05-31,117.9242
2016-06-01,118.2097
2016-06-02,118.3028
2016-06-03,117.706
2016-06-06,117.5073
2016-06-07,117.024
2016-06-08,116.2371
2016-06-09,116.6593
2016-06-10,117.2603
2016-06-13,117.973
2016-06-14,118.4841
2016-06-15,118.0497
2016-06-16,118.4868
2016-06-17,118.0616
2016-06-20,117.4648
2016-06-21,117.472
2016-06-22,117.0889
2016-06-23,116.5293
2016-06-24,118.2832
2016-06-27,119.1998
2016-06-28,118.4208
2016-06-29,117.3286
2016-06-30,117.2951
2016-07-01,117.1039
2016-07-04,#N/A
2016-07-05,118.1566
2016-07-06,118.2523
2016-07-07,118.365
2016-07-08,117.6822
2016-07-11,117.5937
2016-07-12,117.0908
2016-07-13,117.2599
2016-07-14,116.8094
2016-07-15,117.308
2016-07-18,117.3241
2016-07-19,117.5424
2016-07-20,117.5282
2016-07-21,117.551
2016-07-22,117.6177
2016-07-25,118.0224
2016-07-26,117.9998
2016-07-27,118.1145
2016-07-28,117.9542
2016-07-29,117.3813
2016-08-01,117.4309
2016-08-02,117.4675
2016-08-03,117.6268
2016-08-04,117.4242
2016-08-05,117.5317
2016-08-08,116.9741
2016-08-09,116.4183
2016-08-10,116.1314
2016-08-11,115.9512
2016-08-12,116.0933
2016-08-15,115.6809
2016-08-16,115.4301
2016-08-17,116.3314
2016-08-18,115.7945
2016-08-19,116.4053
2016-08-22,116.6319
2016-08-23,116.6369
2016-08-24,117.046
2016-08-25,116.8001
2016-08-26,116.573
2016-08-29,117.2982
2016-08-30,117.7082
2016-08-31,117.7736
2016-09-01,117.7188
2016-09-02,117.3704
2016-09-05,#N/A
2016-09-06,116.4296
2016-09-07,116.3399
2016-09-08,116.8321
2016-09-09,117.6543
2016-09-12,118.1477
2016-09-13,118.557
2016-09-14,118.5353
2016-09-15,118.5872
2016-09-16,119.3254
2016-09-19,118.9882
2016-09-20,119.3777
2016-09-21,119.2285
2016-09-22,118.5111
2016-09-23,118.9306
2016-09-26,119.1811
2016-09-27,118.4678
2016-09-28,118.5796
2016-09-29,118.2957
2016-09-30,118.2515
2016-10-03,118.3097
2016-10-04,118.252
2016-10-05,118.3212
2016-10-06,118.3245
2016-10-07,118.5189
2016-10-10,#N/A
2016-10-11,118.3551
2016-10-12,118.4739
2016-10-13,118.6207
2016-10-14,118.6301
2016-10-17,118.4795
2016-10-18,117.8729
2016-10-19,117.6238
2016-10-20,117.8233
2016-10-21,118.157
2016-10-24,117.9869
2016-10-25,117.7224
2016-10-26,118.091
2016-10-27,118.5536
2016-10-28,118.4013
2016-10-31,118.4621
2016-11-01,118.9564
2016-11-02,119.4602
2016-11-03,119.1732
2016-11-04,118.9788
2016-11-07,118.2318
2016-11-08,117.7594
2016-11-09,120.1815
2016-11-10,122.0036
2016-11-11,#N/A
2016-11-14,123.3238
2016-11-15,122.5188
2016-11-16,122.579
2016-11-17,122.4367
2016-11-18,123.0756
2016-11-21,123.0991
2016-11-22,123.0992
2016-11-23,123.7685
2016-11-24,#N/A
2016-11-25,123.7308
2016-11-28,123.3953
2016-11-29,123.41
2016-11-30,123.1516
2016-12-01,123.597
2016-12-02,123.2929
2016-12-05,123.169
2016-12-06,122.7702
2016-12-07,122.4926
2016-12-08,122.5533
2016-12-09,122.7044
2016-12-12,122.3956
2016-12-13,122.383
2016-12-14,122.3873
2016-12-15,123.7088
2016-12-16,123.4957
2016-12-19,123.4587
2016-12-20,123.4906
2016-12-21,123.506
2016-12-22,123.9353
2016-12-23,123.6397
2016-12-26,#N/A
2016-12-27,123.9296
2016-12-28,124.117
2016-12-29,123.8264
2016-12-30,123.7164
2017-01-02,#N/A
2017-01-03,124.3353
2017-01-04,124.6612
2017-01-05,124.0787
2017-01-06,124.2933
2017-01-09,124.4563
2017-01-10,124.7669
2017-01-11,125.2843
2017-01-12,124.2972
2017-01-13,124.2948
2017-01-16,#N/A
2017-01-17,123.8454
2017-01-18,124.3095
2017-01-19,124.6262
2017-01-20,#N/A
2017-01-23,123.5958
2017-01-24,123.5079
2017-01-25,123.5292
2017-01-26,123.6279
2017-01-27,123.1954
2017-01-30,122.6321
2017-01-31,122.5601
2017-02-01,122.5533
2017-02-02,121.9926
2017-02-03,121.378
2017-02-06,121.6288
2017-02-07,122.0984
2017-02-08,121.7906
2017-02-09,121.6647
2017-02-10,121.4788
2017-02-13,121.5734
2017-02-14,121.3875
2017-02-15,121.1909
2017-02-16,121.2626
2017-02-17,121.7103
2017-02-20,#N/A
2017-02-21,121.6582
2017-02-22,120.7884
2017-02-23,120.2119
2017-02-24,120.517
2017-02-27,120.4471
2017-02-28,120.6912
2017-03-01,120.7418
2017-03-02,121.0263
2017-03-03,120.657
2017-03-06,120.4912
2017-03-07,120.4221
2017-03-08,120.8365
2017-03-09,121.1812
2017-03-10,120.8126
2017-03-13,120.612
2017-03-14,120.7396
2017-03-15,120.3437
2017-03-16,119.7661
2017-03-17,119.3648
2017-03-20,118.9873
2017-03-21,119.0545
2017-03-22,119.0274
2017-03-23,119.0137
2017-03-24,118.6592
2017-03-27,118.3861
2017-03-28,118.5569
2017-03-29,118.5113
2017-03-30,118.2581
2017-03-31,118.5926
2017-04-03,118.3823
2017-04-04,118.5944
2017-04-05,118.4579
2017-04-06,118.5668
2017-04-07,118.4423
2017-04-10,118.6072
2017-04-11,118.7018
2017-04-12,118.6289
2017-04-13,118.0761
2017-04-14,118.0903
2017-04-17,118.0112
2017-04-18,118.0005
2017-04-19,118.7825
2017-04-20,118.6532
2017-04-21,118.6926
2017-04-24,118.3197
2017-04-25,118.695
2017-04-26,119.2175
2017-04-27,119.2033
2017-04-28,118.9134
2017-05-01,118.5816
2017-05-02,118.5331
2017-05-03,118.5545
2017-05-04,119.0818
2017-05-05,119.0944
2017-05-08,119.3153
2017-05-09,119.4471
2017-05-10,119.0457
2017-05-11,118.8369
2017-05-12,118.4705
2017-05-15,118.0852
2017-05-16,117.954
2017-05-17,118.0103
2017-05-18,119.2008
2017-05-19,118.3739
2017-05-22,118.3745
2017-05-23,118.4571
2017-05-24,118.3079
2017-05-25,117.9494
2017-05-26,117.8638
2017-05-29,#N/A
2017-05-30,118.1955
2017-05-31,117.8616
2017-06-01,117.6986
2017-06-02,117.8204
2017-06-05,117.377
2017-06-06,117.1452
2017-06-07,117.1126
2017-06-08,117.0245
2017-06-09,117.0249
2017-06-12,117.1536
2017-06-13,116.9376
2017-06-14,116.4438
2017-06-15,117.0608
2017-06-16,116.8404
2017-06-19,116.9616
2017-06-20,117.5484
2017-06-21,117.6447
2017-06-22,117.5596
2017-06-23,117.1972
2017-06-26,117.0426
2017-06-27,117.1196
2017-06-28,116.9273
2017-06-29,117.1415
2017-06-30,117.153
2017-07-03,117.6309
2017-07-04,#N/A
2017-07-05,117.9356
2017-07-06,117.9313
2017-07-07,117.6306
2017-07-10,117.2791
2017-07-11,117.2358
2017-07-12,116.6146
2017-07-13,116.4897
2017-07-14,115.9623
2017-07-17,116.0202
2017-07-18,115.6288
2017-07-19,115.6115
2017-07-20,115.6672
2017-07-21,115.7717
2017-07-24,115.8926
2017-07-25,116.0732
2017-07-26,116.0638
2017-07-27,115.8003
2017-07-28,115.9382
2017-07-31,116.0103
2017-08-01,115.8563
2017-08-02,115.8657
2017-08-03,115.9951
2017-08-04,116.0554
2017-08-07,116.2314
2017-08-08,116.035
2017-08-09,116.1141
2017-08-10,115.8574
2017-08-11,115.8767
2017-08-14,115.743
2017-08-15,116.003
2017-08-16,115.8328
2017-08-17,115.7688
2017-08-18,115.7484
2017-08-21,115.4758
2017-08-22,115.3995
2017-08-23,115.4721
2017-08-24,115.4338
2017-08-25,115.0779
2017-08-28,115.1857
2017-08-29,115.2255
2017-08-30,115.0379
2017-08-31,115.0437
2017-09-01,114.763
2017-09-04,#N/A
2017-09-05,114.7786
2017-09-06,114.5857
2017-09-07,114.0252
2017-09-08,114.0548
2017-09-11,114.2014
2017-09-12,114.4653
2017-09-13,114.6333
2017-09-14,114.5987
2017-09-15,114.4871
2017-09-18,114.7595
2017-09-19,114.8253
2017-09-20,114.5732
2017-09-21,115.0617
2017-09-22,114.8569
2017-09-25,115.4869
2017-09-26,115.8897
2017-09-27,116.2236
2017-09-28,116.554
2017-09-29,116.2671
2017-10-02,116.4522
2017-10-03,116.4091
2017-10-04,116.2957
2017-10-05,116.4638
2017-10-06,116.9273
2017-10-09,#N/A
2017-10-10,116.5635
2017-10-11,116.6567
2017-10-12,116.7141
2017-10-13,116.7554
2017-10-16,117.1438
2017-10-17,117.3798
2017-10-18,117.2078
2017-10-19,116.9816
2017-10-20,117.3737
2017-10-23,117.6273
2017-10-24,117.8562
2017-10-25,117.7282
2017-10-26,117.6942
2017-10-27,118.0444
2017-10-30,117.9704
2017-10-31,117.7383
2017-11-01,117.5078
2017-11-02,117.2953
2017-11-03,117.8801
2017-11-06,117.5828
2017-11-07,117.8215
2017-11-08,117.5293
2017-11-09,117.6295
2017-11-10,#N/A
2017-11-13,117.917
2017-11-14,117.8385
2017-11-15,117.8217
2017-11-16,117.4546
2017-11-17,117.0593
2017-11-20,117.2692
2017-11-21,116.7858
2017-11-22,116.4186
2017-11-23,#N/A
2017-11-24,116.004
2017-11-27,116.0478
2017-11-28,116.0464
2017-11-29,115.9949
2017-11-30,116.3303
2017-12-01,116.2652
2017-12-04,116.3556
2017-12-05,116.4577
2017-12-06,116.8331
2017-12-07,116.9983
2017-12-08,117.0569
2017-12-11,117.0136
2017-12-12,117.4639
2017-12-13,117.2615
2017-12-14,117.1695
2017-12-15,117.1045
2017-12-18,116.8885
2017-12-19,117.1695
2017-12-20,116.9383
2017-12-21,117.2502
2017-12-22,117.5379
2017-12-25,#N/A
2017-12-26,117.5553
2017-12-27,117.596
2017-12-28,117.391
2017-12-29,117.041
2018-01-01,#N/A
2018-01-02,116.4089
2018-01-03,116.2351
2018-01-04,115.9475
2018-01-05,115.8741
2018-01-08,116.0119
2018-01-09,116.4035
2018-01-10,116.0775
2018-01-11,116.0571
2018-01-12,115.3754
2018-01-15,#N/A
2018-01-16,115.0391
2018-01-17,114.633
2018-01-18,114.5595
2018-01-19,114.2746
2018-01-22,114.5578
2018-01-23,114.6328
2018-01-24,113.8543
2018-01-25,113.2883
2018-01-26,113.4208
2018-01-29,113.7678
2018-01-30,113.9897
2018-01-31,113.5589
2018-02-01,113.2187
2018-02-02,113.8427
2018-02-05,113.8946
2018-02-06,114.0628
2018-02-07,113.9323
2018-02-08,114.9494
2018-02-09,114.7981
2018-02-12,114.4458
2018-02-13,114.4968
2018-02-14,114.2496
2018-02-15,113.905
2018-02-16,113.8559
2018-02-19,#N/A
2018-02-20,114.2711
2018-02-21,114.37
2018-02-22,114.4462
2018-02-23,114.1277
2018-02-26,114.079
2018-02-27,114.5153
2018-02-28,114.7154
2018-03-01,114.8472
2018-03-02,#N/A
2018-03-05,114.8033
2018-03-06,114.1956
2018-03-07,114.4792
2018-03-08,114.5639
2018-03-09,114.1425
2018-03-12,114.1931
2018-03-13,113.9405
2018-03-14,114.0352
2018-03-15,114.3208
2018-03-16,114.4686
2018-03-19,114.5491
2018-03-20,114.6057
2018-03-21,#N/A
2018-03-22,114.3063
2018-03-23,114.2525
2018-03-26,113.4352
2018-03-27,113.5251
2018-03-28,113.5216
2018-03-29,113.4022
2018-03-30,113.1519
2018-04-02,113.4412
2018-04-03,113.2892
2018-04-04,113.5444
2018-04-05,113.3525
2018-04-06,113.8248
2018-04-09,113.6681
2018-04-10,113.6203
2018-04-11,113.4328
2018-04-12,113.4866
2018-04-13,113.3114
2018-04-16,113.3015
2018-04-17,113.1821
2018-04-18,113.1725
2018-04-19,113.7728
2018-04-20,114.4902
2018-04-23,115.318
2018-04-24,115.0515
2018-04-25,115.8077
2018-04-26,115.5749
2018-04-27,115.0719
2018-04-30,115.3016
2018-05-01,115.5105
2018-05-02,116.2724
2018-05-03,116.3273
2018-05-04,116.4098
2018-05-07,117.0159
2018-05-08,117.441
2018-05-09,117.28
2018-05-10,116.595
2018-05-11,116.699
2018-05-14,117.1152
2018-05-15,117.9191
2018-05-16,117.8756
2018-05-17,117.9837
2018-05-18,118.4663
2018-05-21,118.3406
2018-05-22,117.7151
2018-05-23,118.113
2018-05-24,117.9418
2018-05-25,117.6834
2018-05-28,#N/A
2018-05-29,118.3923
2018-05-30,118.2003
2018-05-31,118.6257
2018-06-01,118.325
2018-06-04,118.4181
2018-06-05,119.0695
2018-06-06,118.716
2018-06-07,119.3322
2018-06-08,119.3236
2018-06-11,119.3219
2018-06-12,119.4799
2018-06-13,119.5332
2018-06-14,119.798
2018-06-15,120.3681
2018-06-18,120.4632
2018-06-19,120.5371
2018-06-20,120.2226
2018-06-21,120.5198
2018-06-22,120.06
2018-06-25,120.3497
2018-06-26,120.2714
2018-06-27,120.9345
2018-06-28,120.829
2018-06-29,120.3783
2018-07-02,121.6857
2018-07-03,120.4061
2018-07-04,#N/A
2018-07-05,119.9805
2018-07-06,119.6022
2018-07-09,119.4857
2018-07-10,119.266
2018-07-11,119.7064
2018-07-12,119.1877
2018-07-13,119.6298
2018-07-16,119.4913
2018-07-17,119.6308
2018-07-18,119.8088
2018-07-19,120.6171
2018-07-20,120.3774
2018-07-23,120.6228
2018-07-24,120.1105
2018-07-25,119.6961
2018-07-26,119.5938
2018-07-27,119.4931
2018-07-30,119.4497
2018-07-31,119.5239
2018-08-01,119.71
2018-08-02,119.9999
2018-08-03,119.7425
2018-08-06,119.8663
2018-08-07,119.4923
2018-08-08,119.6756
2018-08-09,120.0897
2018-08-10,120.9818
2018-08-13,122.0688
2018-08-14,121.4997
2018-08-15,122.2932
2018-08-16,121.4991
2018-08-17,121.5928
2018-08-20,121.3773
2018-08-21,120.9795
2018-08-22,120.9637
2018-08-23,121.4279
2018-08-24,120.7759
2018-08-27,120.5037
2018-08-28,120.9556
2018-08-29,121.4617
2018-08-30,122.137
2018-08-31,122.0947
2018-09-03,#N/A
2018-09-04,122.6919
2018-09-05,122.7544
2018-09-06,122.6474
2018-09-07,122.3341
2018-09-10,122.7586
2018-09-11,122.7537
2018-09-12,122.2762
2018-09-13,121.8757
2018-09-14,121.9994
2018-09-17,121.9622
2018-09-18,121.7734
2018-09-19,121.5974
2018-09-20,121.6201
2018-09-21,121.488
2018-09-24,121.6418
2018-09-25,121.9803
2018-09-26,121.784
2018-09-27,121.6821
2018-09-28,121.3699
2018-10-01,121.3416
2018-10-02,121.3969
2018-10-03,121.6499
2018-10-04,122.5166
2018-10-05,122.2178
2018-10-08,#N/A
2018-10-09,122.4207
2018-10-10,122.6235
2018-10-11,122.23
2018-10-12,122.1666
2018-10-15,121.8548
2018-10-16,121.6042
2018-10-17,121.7433
2018-10-18,122.628
2018-10-19,122.6072
2018-10-22,122.961
2018-10-23,123.0906
2018-10-24,123.2501
2018-10-25,123.1555
2018-10-26,123.2428
2018-10-29,123.8996
2018-10-30,124.3727
2018-10-31,124.8829
2018-11-01,124.0824
2018-11-02,123.5088
2018-11-05,123.7494
2018-11-06,123.4979
2018-11-07,123.24
2018-11-08,123.7583
2018-11-09,124.6524
2018-11-12,#N/A
2018-11-13,124.9219
2018-11-14,124.6585
2018-11-15,124.382
2018-11-16,124.026
2018-11-19,124.3768
2018-11-20,124.4431
2018-11-21,124.0006
2018-11-22,#N/A
2018-11-23,124.678
2018-11-26,124.8803
2018-11-27,124.9088
2018-11-28,124.7951
2018-11-29,124.1374
2018-11-30,124.286
2018-12-03,123.6002
2018-12-04,123.7849
2018-12-05,#N/A
2018-12-06,124.2924
2018-12-07,123.9358
2018-12-10,124.6202
2018-12-11,124.4022
2018-12-12,123.8323
2018-12-13,124.0724
2018-12-14,124.4852
2018-12-17,124.0571
2018-12-18,123.9803
2018-12-19,123.6625
2018-12-20,123.4722
2018-12-21,123.6859
2018-12-24,123.6767
2018-12-25,#N/A
2018-12-26,123.5597
2018-12-27,123.0368
2018-12-28,122.8535
2018-12-31,122.7103
2019-01-01,#N/A
2019-01-02,122.6497
2019-01-03,122.6461
2019-01-04,122.0355
2019-01-07,121.6708
2019-01-08,121.8593
2019-01-09,121.3073
2019-01-10,121.0241
2019-01-11,120.8369
2019-01-14,#N/A
2019-01-15,120.8779
2019-01-16,120.6584
2019-01-17,121.0295
2019-01-18,121.1619
2019-01-21,#N/A
2019-01-22,121.4819
2019-01-23,121.2943
2019-01-24,121.0088
2019-01-25,120.5406
2019-01-28,120.7663
2019-01-29,120.5891
2019-01-30,120.7276
2019-01-31,120.1487
2019-02-01,120.6281
2019-02-04,120.5198
2019-02-05,120.5821
2019-02-06,120.7009
2019-02-07,120.769
2019-02-08,120.7819
2019-02-11,121.4402
2019-02-12,121.1123
2019-02-13,121.4254
2019-02-14,121.476
2019-02-15,121.3663
2019-02-18,#N/A
2019-02-19,120.9911
2019-02-20,#N/A
2019-02-21,121.0312
2019-02-22,120.601
2019-02-25,120.3136
2019-02-26,120.5415
2019-02-27,120.5535
2019-02-28,120.7874
2019-03-01,121.0755
2019-03-04,121.0491
2019-03-05,120.9848
2019-03-06,121.2387
2019-03-07,121.8393
2019-03-08,121.6727
2019-03-11,121.5392
2019-03-12,121.1181
2019-03-13,121.1735
2019-03-14,121.2361
2019-03-15,120.8931
2019-03-18,120.6127
2019-03-19,120.3847
2019-03-20,120.0978
2019-03-21,120.0756
2019-03-22,120.9996
2019-03-25,120.5581
2019-03-26,120.8633
2019-03-27,121.595
2019-03-28,121.7117
2019-03-29,121.5035
2019-04-01,121.0573
2019-04-02,121.1553
2019-04-03,120.8437
2019-04-04,121.0045
2019-04-05,120.8492
2019-04-08,120.7135
2019-04-09,120.4958
2019-04-10,120.2893
2019-04-11,120.433
2019-04-12,120.1212
2019-04-15,120.33
2019-04-16,120.6488
2019-04-17,120.2921
2019-04-18,120.3126
2019-04-19,120.2893
2019-04-22,120.5366
2019-04-23,120.8953
2019-04-24,121.2387
2019-04-25,121.6282
2019-04-26,121.2096
2019-04-29,121.3473
2019-04-30,121.3025
2019-05-01,120.9706
2019-05-02,121.6112
2019-05-03,121.2331
2019-05-06,121.4749
2019-05-07,121.8208
2019-05-08,121.7961
2019-05-09,122.5954
2019-05-10,122.2025
2019-05-13,122.86
2019-05-14,122.6803
2019-05-15,122.5497
2019-05-16,122.6499
2019-05-17,123.2552
2019-05-20,123.1166
2019-05-21,122.9255
2019-05-22,122.8286
2019-05-23,122.8937
2019-05-24,122.812
2019-05-27,#N/A
2019-05-28,123.0906
2019-05-29,123.2618
2019-05-30,122.9365
2019-05-31,123.8249
2019-06-03,123.7618
2019-06-04,123.3338
2019-06-05,123.3083
2019-06-06,123.5667
2019-06-07,123.4418
2019-06-10,122.7934
2019-06-11,122.5002
2019-06-12,122.5417
2019-06-13,122.6704
2019-06-14,122.7462
2019-06-17,122.8693
2019-06-18,122.5057
2019-06-19,122.586
2019-06-20,121.5174
2019-06-21,121.7839
2019-06-24,121.8699
2019-06-25,121.9402
2019-06-26,121.7883
2019-06-27,121.8778
2019-06-28,121.7938
2019-07-01,121.4721
2019-07-02,121.715
2019-07-03,121.6977
2019-07-04,#N/A
2019-07-05,121.7229
2019-07-08,121.5105
2019-07-09,121.529
2019-07-10,121.9271
2019-07-11,121.549
2019-07-12,121.5343
2019-07-15,121.3917
2019-07-16,121.633
2019-07-17,121.5377
2019-07-18,121.5097
2019-07-19,121.5104
2019-07-22,121.6364
2019-07-23,121.8528
2019-07-24,121.7183
2019-07-25,121.728
2019-07-26,121.8314
2019-07-29,121.933
2019-07-30,121.8933
2019-07-31,121.7086
2019-08-01,122.346
2019-08-02,123.1046
2019-08-05,124.5827
2019-08-06,124.5339
2019-08-07,124.9243
2019-08-08,124.2567
2019-08-09,124.3577
2019-08-12,124.9236
2019-08-13,124.5583
2019-08-14,125.0027
2019-08-15,125.109
2019-08-16,124.8157
2019-08-19,125.3863
2019-08-20,125.3185
2019-08-21,125.0328
2019-08-22,125.4245
2019-08-23,125.7616
2019-08-26,126.3229
2019-08-27,126.5003
2019-08-28,126.5999
2019-08-29,126.6817
2019-08-30,126.5346
2019-09-02,#N/A
2019-09-03,126.6643
2019-09-04,125.9023
2019-09-05,125.6175
2019-09-06,125.0719
2019-09-09,125.0637
2019-09-10,125.0056
2019-09-11,125.0399
2019-09-12,124.3749
2019-09-13,124.1762
2019-09-16,124.4346
2019-09-17,124.6233
2019-09-18,124.4647
2019-09-19,124.7126
2019-09-20,124.6962
2019-09-23,124.9115
2019-09-24,124.9364
2019-09-25,125.3097
2019-09-26,125.4201
2019-09-27,125.3968
2019-09-30,125.6493
2019-10-01,125.8144
2019-10-02,125.843
2019-10-03,125.5348
2019-10-04,125.0563
2019-10-07,125.2032
2019-10-08,125.2344
2019-10-09,125.2074
2019-10-10,124.8123
2019-10-11,124.4135
2019-10-14,#N/A
2019-10-15,124.3096
2019-10-16,124.3057
2019-10-17,124.0121
2019-10-18,123.952
2019-10-21,123.872
2019-10-22,123.6966
2019-10-23,123.6548
2019-10-24,123.638
2019-10-25,123.4792
2019-10-28,123.4048
2019-10-29,123.4808
2019-10-30,123.6318
2019-10-31,123.5567
2019-11-01,123.2632
2019-11-04,123.3032
2019-11-05,123.2534
2019-11-06,123.2749
2019-11-07,123.0505
2019-11-08,123.2678
2019-11-11,#N/A
2019-11-12,123.8472
2019-11-13,124.3417
2019-11-14,124.3898
2019-11-15,123.7715
2019-11-18,123.9225
2019-11-19,124.1621
2019-11-20,124.4743
2019-11-21,124.4276
2019-11-22,124.4305
2019-11-25,124.5063
2019-11-26,124.6227
2019-11-27,124.7217
2019-11-28,#N/A
2019-11-29,124.803
2019-12-02,124.8526
2019-12-03,124.9619
2019-12-04,124.7264
2019-12-05,124.393
2019-12-06,124.228
2019-12-09,123.9709
2019-12-10,123.9248
2019-12-11,123.8169
2019-12-12,123.2817
2019-12-13,123.1389
2019-12-16,122.9215
2019-12-17,122.7693
2019-12-18,122.8786
2019-12-19,122.8508
2019-12-20,122.7865
2019-12-23,122.853
2019-12-24,#N/A
2019-12-25,#N/A
2019-12-26,122.7189
2019-12-27,122.4766
2019-12-30,122.3583
2019-12-31,122.1799
2020-01-01,#N/A
2020-01-02,122.3153
2020-01-03,122.435
2020-01-06,122.4845
2020-01-07,122.435
2020-01-08,122.2064
2020-01-09,122.1107
2020-01-10,121.9185
2020-01-13,121.8363
2020-01-14,121.8023
2020-01-15,121.8856
2020-01-16,121.843
2020-01-17,121.6576
2020-01-20,#N/A
2020-01-21,121.9729
2020-01-22,121.9124
2020-01-23,122.4162
2020-01-24,122.3111
2020-01-27,122.7242
2020-01-28,122.4031
2020-01-29,122.278
2020-01-30,122.754
2020-01-31,122.9542
2020-02-03,123.2872
2020-02-04,122.7935
2020-02-05,122.6401
2020-02-06,122.7174
2020-02-07,123.2344
2020-02-10,123.1812
2020-02-11,122.8614
2020-02-12,122.7388
2020-02-13,122.8225
2020-02-14,122.7969
2020-02-17,#N/A
2020-02-18,123.0141
2020-02-19,123.0577
2020-02-20,123.7994
2020-02-21,123.9058
2020-02-24,124.6046
2020-02-25,124.4362
2020-02-26,124.664
2020-02-27,124.9432
2020-02-28,125.6929
2020-03-02,124.9717
2020-03-03,124.5099
2020-03-04,124.7302
2020-03-05,125.3822
2020-03-06,126.0564
2020-03-09,127.7983
2020-03-10,127.9242
2020-03-11,128.231
2020-03-12,131.0274
2020-03-13,130.1478
2020-03-16,131.709
2020-03-17,132.9091
2020-03-18,134.3745
2020-03-19,135.3348
2020-03-20,135.126
2020-03-23,137.3104
2020-03-24,136.7471
2020-03-25,135.8096
2020-03-26,133.2863
2020-03-27,133.8492
2020-03-30,135.3358
2020-03-31,133.9508
2020-04-01,135.9577
2020-04-02,135.2239
2020-04-03,136.2761
2020-04-06,135.865
2020-04-07,134.5258
2020-04-08,134.689
2020-04-09,133.7184
2020-04-10,133.232
2020-04-13,133.9595
2020-04-14,133.78
2020-04-15,134.8121
2020-04-16,135.024
2020-04-17,134.4174
2020-04-20,134.7155
2020-04-21,135.7223
2020-04-22,135.8573
2020-04-23,135.7692
2020-04-24,136.357
2020-04-27,136.2199
2020-04-28,135.401
2020-04-29,134.3809
2020-04-30,134.0838
2020-05-01,135.622
2020-05-04,135.2205
2020-05-05,134.2049
2020-05-06,135.3735
2020-05-07,134.8062
2020-05-08,134.031
2020-05-11,134.7057
2020-05-12,134.6915
2020-05-13,135.3242
2020-05-14,135.2604
2020-05-15,135.1267
2020-05-18,134.3274
2020-05-19,134.1707
2020-05-20,133.4616
2020-05-21,133.0862
2020-05-22,133.0462
2020-05-25,#N/A
2020-05-26,132.1593
2020-05-27,132.44
2020-05-28,132.0022
2020-05-29,131.9225
2020-06-01,131.3229
2020-06-02,130.4401
2020-06-03,130.0369
2020-06-04,130.4583
2020-06-05,129.5018
2020-06-08,129.4716
2020-06-09,129.6434
2020-06-10,129.7681
2020-06-11,130.9398
2020-06-12,130.8739
2020-06-15,131.5247
2020-06-16,130.8413
2020-06-17,131.3229
2020-06-18,131.8501
2020-06-19,131.6144
2020-06-22,131.2508
2020-06-23,130.9208
2020-06-24,131.6226
2020-06-25,131.849
2020-06-26,132.1635
2020-06-29,132.4141
2020-06-30,132.3022
2020-07-01,131.8354
2020-07-02,131.2071
2020-07-03,#N/A
2020-07-06,130.4962
2020-07-07,131.0754
2020-07-08,131.3574
2020-07-09,131.0546
2020-07-10,130.8823
2020-07-13,130.6959
2020-07-14,131.1784
2020-07-15,130.6704
2020-07-16,130.5499
2020-07-17,130.8763
2020-07-20,130.9358
2020-07-21,130.238
2020-07-22,130.1598
2020-07-23,130.3639
2020-07-24,130.6189
2020-07-27,129.8227
2020-07-28,129.7908
2020-07-29,129.7522
2020-07-30,130.1461
2020-07-31,130.0028
2020-08-03,130.7117
2020-08-04,130.9341
2020-08-05,130.0775
2020-08-06,130.1367
2020-08-07,130.5575
2020-08-10,130.5246
2020-08-11,130.1314
2020-08-12,130.1104
2020-08-13,130.0348
2020-08-14,129.706
2020-08-17,129.6873
2020-08-18,129.8215
2020-08-19,129.5703
2020-08-20,129.9227
2020-08-21,129.8537
2020-08-24,129.6209
2020-08-25,129.5655
2020-08-26,129.3465
2020-08-27,129.5653
2020-08-28,128.7112
2020-08-31,128.705
2020-09-01,128.2112
2020-09-02,128.5286
2020-09-03,128.3323
2020-09-04,128.1931
2020-09-07,#N/A
2020-09-08,128.5678
2020-09-09,128.0107
2020-09-10,127.6731
2020-09-11,127.7809
2020-09-14,127.2161
2020-09-15,126.9185
2020-09-16,126.6589
2020-09-17,126.6545
2020-09-18,126.4894
2020-09-21,127.8339
2020-09-22,127.8392
2020-09-23,129.0127
2020-09-24,129.5144
2020-09-25,129.8019
2020-09-28,129.771
2020-09-29,129.7496
2020-09-30,128.8798
2020-10-01,128.6214
2020-10-02,128.3745
2020-10-05,127.6948
2020-10-06,127.8153
2020-10-07,127.8197
2020-10-08,127.5618
2020-10-09,126.38
2020-10-12,#N/A
2020-10-13,127.2738
2020-10-14,126.9836
2020-10-15,127.1923
2020-10-16,126.6805
2020-10-19,126.4153
2020-10-20,126.2663
2020-10-21,126.0851
2020-10-22,126.1956
2020-10-23,126.0079
2020-10-26,126.2617
2020-10-27,126.0326
2020-10-28,126.843
2020-10-29,127.1616
2020-10-30,126.9095
2020-11-02,127.1689
2020-11-03,126.5403
2020-11-04,125.972
2020-11-05,125.2114
2020-11-06,124.7463
2020-11-09,124.3119
2020-11-10,124.3422
2020-11-11,#N/A
2020-11-12,124.4776
2020-11-13,124.3795
2020-11-16,123.8903
2020-11-17,123.6539
2020-11-18,123.4943
2020-11-19,123.6661
2020-11-20,123.3978
2020-11-23,123.6745
2020-11-24,123.4216
2020-11-25,123.2018
2020-11-26,#N/A
2020-11-27,#N/A
2020-11-30,123.4648
2020-12-01,123.0946
2020-12-02,122.951
2020-12-03,122.3816
2020-12-04,121.9361
2020-12-07,121.9855
2020-12-08,121.8686
2020-12-09,122.1557
2020-12-10,122.3156
2020-12-11,122.4946
2020-12-14,122.7667
2020-12-15,122.4653
2020-12-16,122.2393
2020-12-17,121.8138
2020-12-18,122.2653
2020-12-21,122.6507
2020-12-22,122.682
2020-12-23,122.6919
2020-12-24,#N/A
2020-12-25,#N/A
2020-12-28,122.5591
2020-12-29,122.1116
2020-12-30,121.9813
2020-12-31,121.9017
2021-01-01,#N/A
2021-01-04,121.5899
2021-01-05,121.5948
2021-01-06,121.2976
2021-01-07,121.9147
2021-01-08,121.9065
2021-01-11,122.3888
2021-01-12,121.9784
2021-01-13,121.667
2021-01-14,121.5251
2021-01-15,121.7208
2021-01-18,#N/A
2021-01-19,121.6836
2021-01-20,#N/A
2021-01-21,121.5789
2021-01-22,122.2132
2021-01-25,122.5711
2021-01-26,122.3254
2021-01-27,122.7398
2021-01-28,122.6
2021-01-29,122.555
2021-02-01,123.012
2021-02-02,122.5124
2021-02-03,122.613
2021-02-04,123.196
2021-02-05,122.5914
2021-02-08,122.3572
2021-02-09,122.2839
2021-02-10,122.1704
2021-02-11,121.9726
2021-02-12,121.886
2021-02-15,#N/A
2021-02-16,122.3551
2021-02-17,122.4456
2021-02-18,123.0136
2021-02-19,122.6825
2021-02-22,123.279
2021-02-23,123.1125
2021-02-24,122.8236
2021-02-25,123.591
2021-02-26,124.2125
2021-03-01,123.518
2021-03-02,123.7568
2021-03-03,124.1665
2021-03-04,123.8844
2021-03-05,125.0257
2021-03-08,125.7099
2021-03-09,125.3595
2021-03-10,124.7523
2021-03-11,124.0377
2021-03-12,124.2473
2021-03-15,124.3109
2021-03-16,123.9516
2021-03-17,124.2336
2021-03-18,123.7176
2021-03-19,123.8055
2021-03-22,123.9732
2021-03-23,124.1417
2021-03-24,124.5991
2021-03-25,124.8561
2021-03-26,124.5137
2021-03-29,124.7943
2021-03-30,124.8904
2021-03-31,124.3348
2021-04-01,124.3096
2021-04-02,124.2501
2021-04-05,124.0721
2021-04-06,123.6609
2021-04-07,123.8007
2021-04-08,123.7036
2021-04-09,123.9432
2021-04-12,123.9303
2021-04-13,123.8455
2021-04-14,123.6168
2021-04-15,123.1956
2021-04-16,123.1351
2021-04-19,122.851
2021-04-20,122.9011
2021-04-21,122.9264
2021-04-22,122.8407
2021-04-23,122.8048
2021-04-26,122.5653
2021-04-27,122.7257
2021-04-28,122.6391
2021-04-29,122.7676
2021-04-30,122.9927
2021-05-03,123.0924
2021-05-04,123.2896
2021-05-05,123.1744
2021-05-06,122.9051
2021-05-07,122.0677
2021-05-10,121.8481
2021-05-11,122.0179
2021-05-12,122.7582
2021-05-13,122.6725
2021-05-14,122.2022
2021-05-17,122.2857
2021-05-18,122.0751
2021-05-19,122.1412
2021-05-20,122.2675
2021-05-21,122.3879
2021-05-24,122.188
2021-05-25,122.1309
2021-05-26,121.9485
2021-05-27,121.9553
2021-05-28,121.6765
2021-05-31,#N/A
2021-06-01,121.5583
2021-06-02,121.5366
2021-06-03,122.0368
2021-06-04,121.6595
2021-06-07,121.3819
2021-06-08,121.4356
2021-06-09,121.2494
2021-06-10,121.2368
2021-06-11,121.8043
2021-06-14,121.6973
2021-06-15,122.2299
2021-06-16,121.8964
2021-06-17,123.2483
2021-06-18,123.7099
2021-06-21,123.7262
2021-06-22,123.8463
2021-06-23,123.1697
2021-06-24,122.7604
2021-06-25,122.1964
2021-06-28,122.2422
2021-06-29,122.3941
2021-06-30,122.5706
2021-07-01,122.8956
2021-07-02,122.6829
2021-07-05,#N/A
2021-07-06,123.1495
2021-07-07,123.2974
2021-07-08,123.459
2021-07-09,123.2209
2021-07-12,123.1215
2021-07-13,123.2636
2021-07-14,123.0798
2021-07-15,123.0702
2021-07-16,123.0654
2021-07-19,123.6624
2021-07-20,123.887
2021-07-21,123.7661
2021-07-22,123.7691
2021-07-23,123.6023
2021-07-26,123.5898
2021-07-27,123.7155
2021-07-28,123.5207
2021-07-29,122.8896
2021-07-30,123.0426
2021-08-02,123.0339
2021-08-03,123.215
2021-08-04,123.2421
2021-08-05,123.1055
2021-08-06,123.5564
2021-08-09,123.7143
2021-08-10,123.7343
2021-08-11,123.4451
2021-08-12,123.3708
2021-08-13,123.3541
2021-08-16,123.4182
2021-08-17,123.7856
2021-08-18,123.7994
2021-08-19,124.1738
2021-08-20,124.7527
2021-08-23,124.3653
2021-08-24,124.0408
2021-08-25,123.9316
2021-08-26,124.138
2021-08-27,123.5969
2021-08-30,123.3674
2021-08-31,123.0381
2021-09-01,122.8586
2021-09-02,122.8796
2021-09-03,122.6812
2021-09-06,#N/A
2021-09-07,123.0228
2021-09-08,123.1814
2021-09-09,123.0909
2021-09-10,122.8494
2021-09-13,122.9504
2021-09-14,122.9394
2021-09-15,122.8711
2021-09-16,123.168
2021-09-17,123.4066
2021-09-20,123.8814
2021-09-21,123.735
2021-09-22,123.5223
2021-09-23,123.4477
2021-09-24,123.7177
2021-09-27,123.6929
2021-09-28,124.2978
2021-09-29,124.6317
2021-09-30,124.6129
2021-10-01,124.3993
2021-10-04,124.5606
2021-10-05,124.6824
2021-10-06,124.9517
2021-10-07,124.798
2021-10-08,125.1319
2021-10-11,#N/A
2021-10-12,125.2245
2021-10-13,124.8198
2021-10-14,124.6558
2021-10-15,124.339
2021-10-18,124.2369
2021-10-19,123.7239
2021-10-20,123.6057
2021-10-21,123.863
2021-10-22,123.7746
2021-10-25,123.5775
2021-10-26,123.5424
2021-10-27,123.6552
2021-10-28,123.7444
2021-10-29,124.3128
2021-11-01,124.766
2021-11-02,124.6323
2021-11-03,124.8371
2021-11-04,124.4582
2021-11-05,123.984
2021-11-08,123.7144
2021-11-09,123.5529
2021-11-10,123.8528
2021-11-11,#N/A
2021-11-12,123.9117
2021-11-15,124.1106
2021-11-16,124.5779
2021-11-17,124.3008
2021-11-18,124.4694
2021-11-19,124.6385
2021-11-22,124.9558
2021-11-23,125.5634
2021-11-24,125.812
2021-11-25,#N/A
2021-11-26,126.7549
2021-11-29,126.5649
2021-11-30,125.8998
2021-12-01,125.6063
2021-12-02,125.6653
2021-12-03,126.0043
2021-12-06,125.7699
2021-12-07,125.319
2021-12-08,124.8451
2021-12-09,125.1941
2021-12-10,125.0038
2021-12-13,125.2131
2021-12-14,125.6747
2021-12-15,125.8377
2021-12-16,125.1249
2021-12-17,124.9446
2021-12-20,125.1741
2021-12-21,125.2336
2021-12-22,125.049
2021-12-23,124.7371
2021-12-24,#N/A
2021-12-27,124.6546
2021-12-28,124.4711
2021-12-29,124.4966
2021-12-30,124.3372
2021-12-31,#N/A
2022-01-03,124.4
2022-01-04,124.4148
2022-01-05,124.2755
2022-01-06,124.5636
2022-01-07,124.3154
2022-01-10,124.4318
2022-01-11,124.0436
2022-01-12,123.8423
2022-01-13,123.8049
2022-01-14,123.7477
2022-01-17,#N/A
2022-01-18,123.9783
2022-01-19,123.943
2022-01-20,123.7488
2022-01-21,123.855
2022-01-24,124.3466
2022-01-25,124.2981
2022-01-26,124.2072
2022-01-27,124.7787
2022-01-28,124.9079
2022-01-31,124.3842
2022-02-01,124.2986
2022-02-02,124.2418
2022-02-03,124.2601
2022-02-04,124.4949
2022-02-07,124.3607
2022-02-08,124.3576
2022-02-09,124.0265
2022-02-10,123.8057
2022-02-11,123.89
2022-02-14,123.9748
2022-02-15,123.6974
2022-02-16,123.522
2022-02-17,123.4959
2022-02-18,123.4044
2022-02-21,#N/A
2022-02-22,123.3725
2022-02-23,123.2143
2022-02-24,124.4934
2022-02-25,123.8584
2022-02-28,124.0645
2022-03-01,124.5486
2022-03-02,124.5171
2022-03-03,124.6316
2022-03-04,125.3023
2022-03-07,126.2317
2022-03-08,126.4493
2022-03-09,125.5607
2022-03-10,125.6069
2022-03-11,125.7888
2022-03-14,125.936
2022-03-15,125.9033
2022-03-16,125.3044
2022-03-17,124.6848
2022-03-18,124.5731
2022-03-21,124.3893
2022-03-22,124.3948
2022-03-23,124.1928
2022-03-24,124.0752
2022-03-25,123.7211
2022-03-28,124.1009
2022-03-29,123.6148
2022-03-30,123.0498
2022-03-31,123.1054
2022-04-01,123.1976
2022-04-04,122.9068
2022-04-05,123.2198
2022-04-06,123.5062
2022-04-07,123.8303
2022-04-08,123.8184
2022-04-11,123.8637
2022-04-12,123.5512
2022-04-13,123.4177
2022-04-14,123.8021
2022-04-15,123.7687
2022-04-18,123.8025
2022-04-19,124.2056
2022-04-20,124.2226
2022-04-21,124.7026
2022-04-22,125.4895
2022-04-25,126.0934
2022-04-26,126.4451
2022-04-27,126.6201
2022-04-28,127.2268
2022-04-29,126.5515
2022-05-02,126.9063
2022-05-03,126.7129
2022-05-04,126.4593
2022-05-05,126.87
2022-05-06,126.8513
2022-05-09,127.7858
2022-05-10,128.006
2022-05-11,127.5258
2022-05-12,128.2497
2022-05-13,127.8245
2022-05-16,127.7048
2022-05-17,127.0085
2022-05-18,127.1633
2022-05-19,126.7207
2022-05-20,126.3547
2022-05-23,125.818
2022-05-24,125.9606
2022-05-25,126.1797
2022-05-26,126.3671
2022-05-27,125.5341
2022-05-30,#N/A
2022-05-31,125.3295
2022-06-01,125.767
2022-06-02,125.2938
2022-06-03,125.3608
2022-06-06,125.352
2022-06-07,125.5969
2022-06-08,125.5794
2022-06-09,125.7964
2022-06-10,126.693
2022-06-13,128.1479
2022-06-14,128.5735
2022-06-15,128.368
2022-06-16,128.0605
2022-06-17,128.0554
2022-06-20,#N/A
2022-06-21,127.5316
2022-06-22,127.4877
2022-06-23,127.5467
2022-06-24,127.3379
2022-06-27,127.1647
2022-06-28,127.5011
2022-06-29,127.8752
2022-06-30,127.9193
2022-07-01,128.4229
2022-07-04,#N/A
2022-07-05,129.3342
2022-07-06,129.6809
2022-07-07,129.2936
2022-07-08,128.9786
